Title,Story_Trunc120Char,,,,,,,,,,,
Beyond the Bake Sale,"To support children to gain equal access to quality education, 100% of the profit from this bake sale will be donated to ",,,,,,,,,,,
KDF Millennium Ride 2019 - Annie Shu Ning,Thank you for visiting my fundraising page. Thank you for your support in the past 5 years of KDF Millennium Ride. As you ,,,,,,,,,,,
Women in Red - Fundraise for Good this Christmas #WomenInRed,"A fundraise to create awareness and help unfortunates to have a better life, a little help from everyone can change their ",,,,,,,,,,,
Raising money to end slavery,"We believe everyone, everywhere has the right to a life free from slavery. But right now, millions of children and adults ",,,,,,,,,,,
Let's Do Good Feel Good this Christmas!,Food - a basic human need. One might be surprised to learn that hunger still exists in a food paradise and wealthy city-state ,,,,,,,,,,,
Help Paul & Carla build 2 houses in Nepal!,"Thanks for finding our fundraising page!! We are Paul Foster and Carla Dunareanu, the Habitat For Humanity Singapore Ambassadors! ",,,,,,,,,,,
Gift A Life For Baby Yung,You might have seen her face recently in The Straits Times article about the Good Samaritan Family in Marsiling who opens ,,,,,,,,,,,
Final Journey Funeral Expenses - HJ0263,"We regret to announce that Uncle Kang who is under our care had passed away today. Uncle Kang, a senior elderly, age 71, ",,,,,,,,,,,
Give Isaac a chance to LIVE,"Isaac Ng needs you. Please give Isaac a chance for CURE, a chance to LIVE Isaac Ng is a fun-loving cheerful 5 year old boy. ",,,,,,,,,,,
Help Jake the Diver give his family a home in Singapore,A fellow diver has recently perished to the ocean leaving his pregnant wife with 2 children aged just 3 & 6.... and their ,,,,,,,,,,,
Dare Month / 2020,Thank you for donating during Dare Month! Please enter your name and the name of the person who completed the dare in the ,,,,,,,,,,,
Help Our Premature Baby Zoey,"Help Our Premature Baby Zoey (Born during Covid 19) I’m David Lim, from Malaysia, myself and my wife works here in Singapore. ",,,,,,,,,,,
"Orphanage Education Campaign in Batam, Indonesia",Education for 35 orphans We are a group of friends that have been helping the ElShaddai Abigail Orphanage for the past year ,,,,,,,,,,,
Do a Donation walk for Rainbow Centre Singapore.,"Walk for Charity My name is Tay Yong Hung, 68 years old and a volunteer at Rainbow Centre’s Yishun Park campus. It has been ",,,,,,,,,,,
SJJPedals for Ride for Rations - Sunlove Abode,Thank you for visiting our fundraising page! James and SJ have committed to riding 440km in the month of September to raise ,,,,,,,,,,,
Baby Ziv Needs Help (28 weeks Premature Baby),"Hi everyone! This is Aziel Ziv, my son, born at 28weeks on Apr. 30, prematurely because I was diagnosed with incompetent ",,,,,,,,,,,
Vertical Marathon Fundraiser for ACRES,"Hi friends! We are Dennis, Rachel, Sarita, Wei Qiang, and Willis, and we're taking part in the Tembusu Vertical Marathon ",,,,,,,,,,,
I'm No Stranger,"IMPORTANT Instructions to purchase a T-shirt: With every T-shirt sale, SDI Academy will gift a Dr. English guidebook to ",,,,,,,,,,,
Help Jane Beat Colon Cancer,Please help save Jane’s life Jane is only 36 years with a young daughter but has been diagnosed with aggressive stage 4 ,,,,,,,,,,,
Solidarity Gift for SG Livelihoods Fund by Rodney Lee @WeGiveInSolidarity,"Dear friends,

Join me in donating your Solidarity payment of $600 to the community in need. I would be donating my Solidarity ",,,,,,,,,,,
Help Stroke-stricken Migrant Brother Meet His Family Again!,"Help Stroke-stricken Migrant Brother Ponniya to Meet His Family Again! Mr Ponniya Murugesan is a 45-year-old Indian, who ",,,,,,,,,,,
UNHEARD FOR DOT: An Online Charity Concert,Donate now to support underprivileged women in Singapore in these challenging times so they can provide for themselves and ,,,,,,,,,,,
Support 'R' - a Muslim migrant worker with cancer (ZAKAT ELIGIBLE) | Bantulah ‘R’ – Pekerja Asing Muslim Penghidap Barah (LAYAK MENERIMA ZAKAT),"Update (11 May): We've met the $25,000 target for R, thank you so much!!! The link to donate is still open, but any funds ",,,,,,,,,,,
Let's Eat & Walk 4ward,I am pledging to walk 50km and raise funds to support my organisation's programmes serving (ex-)inmates and their families.Lakeside ,,,,,,,,,,,
Final Journey Funeral Expenses - HJ0261A,"We regret to announce that Uncle Ponnapalam who is under our care had passed away yesterday. Uncle Ponnapalam, a senior ",,,,,,,,,,,
Credit Suisse x Children's Aid Society - Standard Chartered Singapore Marathon (SCSM) 2018.,About the campaign Children's Aid Society is proud to be partnering Credit Suisse Singapore for the upcoming SCSM 2018 (8 ,,,,,,,,,,,
4 Million Steps for Lakeside Family Center,"Lakeside Family Services launched its first A MILLION STEPS fundraising campaign in 2020, targeting to reach 1 million steps ",,,,,,,,,,,
Sharon's fundraising campaign,"Turning 27 this year, I'm planning to host a series of yoga classes (private/group) and workshops to raise funds for Club ",,,,,,,,,,,
Give Premature Baby Avery A Chance,"Help our Pre-term Baby Avery with her Medical Bills Baby Avery came into this world at just 30 weeks and 5 days, and delivered ",,,,,,,,,,,
MFAC20: Fund A Hawker Campaign,"Music for A Cause 20: Supporting 5 x Local Hawkers In partnership with Hawkers United, Music for a Cause will be looking ",,,,,,,,,,,
Help To Bring My Twins Home,"Dear givers,

My name is Sivakumar originally from India, and along with my wife Bhuvaneswari, who is a home maker, I have ",,,,,,,,,,,
Help Baby Chloe Amara,"Please help us to save our daughter, Chloe Amara My name is Oliveiro and I’m pleading your help to save my baby Chloe Amara.

My ",,,,,,,,,,,
86th Coy Fundraising for New BBHQ,"The Boys' Brigade in Singapore is relocating to new Headquarter premises at 10 Kwong Avenue soon, where we will continue ",,,,,,,,,,,
Give little Aahana a chance at life with heart surgery,"Little Aahana was born with rare congenital heart disease, TOF, Pulmonary Atresia with VSD. 
Pulmonary atresia with ventricular ",,,,,,,,,,,
Help Migrant Worker Amin,Who is Amin? Amin is a 39-year old migrant worker from Bangladesh. A father of a 5-year old son and a 7-year old daughter. ,,,,,,,,,,,
"Solidarity Gift for SG Livelihoods Fund by Camper, Summer, Cory, Sienna, Quinn #WeGiveInSolidarity",There are people who have less than us. The government gave all Singaporeans $600 each. Our parents will pay it forward. ,,,,,,,,,,,
Supporting individuals and families who require food support,"With the current COVID-19 Phase 2 Heightened Alert situation and as restrictions continue to be in flux, we foresee that ",,,,,,,,,,,
Help Stroke Patient Domestic Helper Papin Recover!,"Help Stroke Patient Papin Have A Chance At Recovering & Living Her Later Years Decently. Dear Gracious Community,

My siblings ",,,,,,,,,,,
Help With My Deceased Husband Medical Bills,"Please help with my deceased husband medical bills My husband, Ramamurthy, came from India, to work in Singapore to provide ",,,,,,,,,,,
Help Premature Baby Hridhaan,"Help Our Premature Baby - Hridhaan Dear Givers, my name is Sanket and we are a family of three- Me, my wife Sonal, and our ",,,,,,,,,,,
Give the young man Nguyen Duc Thanh a fighting chance,Nguyen Duc Thanh is a first year student at FPT university in Vietnam. Two months ago he was suddenly diagnosed with a rare ,,,,,,,,,,,
Slightly Scarlet 2019 X GDS,"Each year, Slightly Scarlet strives to raise awareness for local beneficiaries, while providing an avenue for Bondue to ",,,,,,,,,,,
Help Baby Bao Hoang with Hydrocephalus,"Baby Boo Hoang celebrates his 2 years-old birthday recently, but it wasn’t all smooth sailing for him. In fact, he was born ",,,,,,,,,,,
Help my family through tough times,"Epilepsy, my wife got it in 2002.

More than ever, my wife and I need your help to keep going on. 

Despite my best efforts, ",,,,,,,,,,,
Pray for Noor Juliana,"DEAR ALL,THIS IS MY DAUGHTER CURRENTLY. I AM PLEADING WITH OUR SINGAPOREANS TO HELP US OUT. BABY JULIANA WAS BORN WITH A ",,,,,,,,,,,
(Private Campaign) Masterchef 2021,"Organised by NUH Department of Paediatrics, Khoo Teck Puat -- National University Children's Medical Institute, ""Masterchef"" ",,,,,,,,,,,
Help the children #Matching Fund #STARSHOWCASE #GreatSingaporeGive,"Be the one who helps. This campaign supports fundraising efforts in support of CARE's work in School Based Social Work

Your ",,,,,,,,,,,
Helping my son Muhammad Royyan medical expenses,"Update on 24 May: Dear Donors, once again, thank you for your overwhelming help towards our family in this time of grieve. ",,,,,,,,,,,
"NCSS - Gift, Gobble, Guide","NCSS is organising a year-end fundraising drive for staff, through the Heart Bus Heart Train (HBHT) Campaign as part of ",,,,,,,,,,,
Lifelong volunteer - Promote Social Responsibility,"Thank you for visiting my fundraising page! I hope you will support me in my cause by making a donation.
?????????????????????????27?? ",,,,,,,,,,,
Help My Uncle With Liver Cancer,"Please help my uncle for his Liver Cancer! My uncle, Meng Wai had been working in Singapore for the last few years.

End ",,,,,,,,,,,
"Help for Bibby, a special cat in a crappy situation.","We are raising funds for Bibby, a cat we found injured after a road accident. THE STORY On Sunday, July 29, while on the ",,,,,,,,,,,
To support Vietnamese children who are suffering from fatal illness (hydrocephalus) and facing financial challenges for their treatment in Singapore,"Dear Friends, As you may receive our birthday invites, we - Cathleen, Mina and Yen Thao - are eager to welcome you to our ",,,,,,,,,,,
Paying It Forward #SeasonOfGiving,This campaign is created on behalf of a Friend of Canossaville who has chosen to remain anonymous but still wants to do ,,,,,,,,,,,
Run for Courage Fund (for Covid-19),"Thank you :) During Covid-19, there are the people who are taking care of us–and people who might need more care than us ",,,,,,,,,,,
Air Search and Rescue Effort for Missing Diver Rinta Mukkam,Ms Rinta Mukkam is a 40yo Singaporean Diver and my close friend's sister who went missing off Komodo Islands near Gili Lawa ,,,,,,,,,,,
[Urgent] Can You Please Help India Battle Its COVID-19 Crisis Today? #StayStrongIndia,"Dear Friend, COVID-19 crisis continues unabated in metropolis of 20 million people A woman is consoled after her husband ",,,,,,,,,,,
Give a Breast Cancer patient a new life,"Appreciate if you could help, to give me a new life as a 3rd stage breast cancer patient My name is Lee Siew Yong and I’m ",,,,,,,,,,,
Free food & medical supplies for vulnerable street poor's & migrants during pandemic Covid-19,Please save street people & migrant workers in Bangladesh against Covid-19 Fundraising for Corona Virus relief As COVID-19 ,,,,,,,,,,,
Solidarity Gift for SG Livelihoods Fund by Lenard Pattiselanno #WeGiveInSolidarity,Hi! My name is Lenard and I decided to do this because the COVID-19 experience has been an opportunity to reflect on so ,,,,,,,,,,,
"Pre Dawn (Sahoor) meals for over 1,000 migrant workers","We are raising funds to provide Pre Dawn (Sahoor) meals for over 1,000 migrant workers who are in Factory-Converted and ",,,,,,,,,,,
Help Me Fight this Disease,"""Help Me Fight this Disease"" ""A generous person will prosper whoever refreshes others will be refreshed"" Proverbs 11:25 ",,,,,,,,,,,
Help Morgan Cycle out Poverty - COP2020 Competitive,Helping raise money to build homes for those in need. Targeting a total distance of 300km over an 8 day period. Any and ,,,,,,,,,,,
COVID-19: Support the Underprivileged,"As of Oct 2020, the pandemic is still ongoing with more than 30 million affected. Many are still struggling to find a suitable ",,,,,,,,,,,
Solidarity Gift for SG Livelihoods Fund by Gina Ho #WeGiveInSolidarity,The current COVID-19 pandemic is having an immense negative impact to the vulnerable in our community. My friends and I ,,,,,,,,,,,
Give voice to a cancer patient,"We hope to raise the amount required for Karim to proceed with surgery (laryngectomy) which will remove the cancerous tumour, ",,,,,,,,,,,
Help Jun Ye With His Medical Bills,"Mother of a 12 yrs old son, who fell from HBD flat, appealing for your help to save her only son. Jun Ye is a 12 years old ",,,,,,,,,,,
Help bring a smile to a chronically-ill child during Covid-19 #wegiveinsolidarity,Help chronically-ill children and their families during #COVID-19 with #wegiveinsolidarity You help to make a significant ,,,,,,,,,,,
Help Maricel With Her Ovarian Cancer,Maricel came to Singapore from Philippines to work as a domestic helper 15 years ago. She’s a single mother struggling to ,,,,,,,,,,,
[SGAID] Help Refugees & Asylum Seekers In Thailand,This is a refugee-led initiative. Help vulnerable urban refugees and asylum seeker Thailand with their pressing needs. ,,,,,,,,,,,
Birthday Fundraiser for Singapore Association of the Visually Handicapped (SAVH),"With less than 1% of Singapore's population estimated to be visually impaired, they remain a severely overlooked segment ",,,,,,,,,,,
Let's give Anilyn a fighting chance with her cancer,"Anilyn Bernabe only remembered occasional minor pains on her right hip about a year ago. On 9 August this year, she decided ",,,,,,,,,,,
"RUNraiser, a fundraising campaign for our migrant friends!","RUNraiser, a fundraising campaign for our migrant friends! Migrant workers are an integral part of Singapore’s progress ",,,,,,,,,,,
The War against COVID,"The fight against covid is not yet over. While most of us are fortunate to be safe and healthy, there are a good number ",,,,,,,,,,,
Paint with Love!,"The start point of this campaign was teaching myself how to paint by watching youtube videos. Though not trained in art, ",,,,,,,,,,,
Give Hope To Kitty,"3 year-old Vietnamese girl named Nguyen Truc Anh also known as Kitty, is a pediatric patient currently at Singapore National ",,,,,,,,,,,
Help Baby Ishan Fight Metabolic Disorder,Our 1-month-old baby boy Ishan is diagnosed with Neonatal Metabolic Disorder - Critical Medical conditions Baby Ishan was ,,,,,,,,,,,
Help Ti Phaw To Recover,Ti Phaw is my father’s helper from Myanmar. She started working for my father in Jan 2020. She has been a great helper and ,,,,,,,,,,,
Help Little Khang With His Leukemia,"Little Khang was a happy 7 year old boy who moved to Singapore in 2014 when his mother, Thuy, remarried to Singapore from ",,,,,,,,,,,
Help fund for unexpected huge medical bills,I am Sathish having permanent residential status living in Singapore.  My parents came to visit my house and suddenly my ,,,,,,,,,,,
TE CSR fund raising,#VALUE!,,,,,,,,,,,
Please Help My Baby Aaron,"Baby Aaron was born on 06 April 2021, premature at 32 weeks and his actual due date is on 30 May 2021. My wife and myself ",,,,,,,,,,,
Bring a smile and make a difference,"Thank you for visiting my fundraising page! I hope you will support me in my cause by making a donation.

Donating is really ",,,,,,,,,,,
Help Sau Chan Battle Lymphoma,Help mother of 2 out of her current crisis Sau Chan and her spouse came from Malaysia and work in Singapore for more than ,,,,,,,,,,,
Butterfly Effect,Did you know your donation has a butterfly effect? The butterfly effect refers to the theory that a tiny action can cause ,,,,,,,,,,,
Help Philibert raise money for the Singapore Cancer Society,"Thank you for visiting my fundraising page! I hope you will support me in my cause by making a donation.

Donating is really ",,,,,,,,,,,
Save Baby Quynh From Stage 4 Neuroblastoma,"Baby Quynh was born on July 15, 2017, and she’s the second child in the family. Her parents came from Northern Central Province ",,,,,,,,,,,
2021K Grocery Run,"In this challenging time of COVID-19, many of our children and families are going through hard times due to the uncertain ",,,,,,,,,,,
Help a 4 year old live again,Family urgently needs financial help A little boys heartache Video https://vimeo.com/263831285#at=4 Click on the red link ,,,,,,,,,,,
Give Baby Hai Dang A Second Chance,"Baby Ha Dang had previously seek help from us for his Sarcoma in early January 2020.

To recap, the current 16 months old ",,,,,,,,,,,
Feed those with needs... with meals of Dignity,"Meals prepared by people in need, for others in need There is a part of society hit harder than the rest by the Circuit ",,,,,,,,,,,
"Shane runs in ""towkay"" & Spiderman costumes!","Hi everyone :) Thank you for visiting my fundraising page!

I am Shane and I will be participating in the GIVE Virtual Run ",,,,,,,,,,,
Ride with M.E. fundraising for Ride for Rations 2021,"We are from Mount Elizabeth Hospital and Mount Elizabeth Novena Hospital. 

Our campaign, Ride with ME (short for Mount ",,,,,,,,,,,
Give Baby Kyrie A Chance To Fight!,"Baby Kyrie was born premature at 26 weeks and had been in hospital ever since. Together with his twin sister, Kaery, both ",,,,,,,,,,,
Help Mary Joy With Brain Aneurysm,Please help my domestic helper Mary Joy who had contracted aneurysm(rupture of the brain's blood vessel) on 6th July21 My ,,,,,,,,,,,
"The Social Delivery - Delivering smiles, one meal at a time",Who are we? A group of 3 students who are keen to make a difference in the lives of vulnerable individuals and families ,,,,,,,,,,,
Troy is riding 250km from Malacca to Singapore for Charity,"Introduction

Ever wondered what a family that is struggling for a living may be dreaming of? Just food on the table. Yup! ",,,,,,,,,,,
Bone Marrow Transplant To Save Ryu Life,"Ryu is 6 years old this year, and he’s born on 2012 May. Ryu has been attending pre-school, and was a very active boy, always ",,,,,,,,,,,
Child Brain Cancer Survivor Fighting For Food,I Fought Brain Cancer and Now I am Fighting For Food 10-year old brain cancer survivor pleading for support of livelihood ,,,,,,,,,,,
Carla's Chiang Mai Home Building Trip!!,"Hi everyone!! As we embark on a brand new year, let us not forget the many families that may not be as fortunate as us!! ",,,,,,,,,,,
Help Miss Hong For Her Throat Cancer,"Miss Hong, is 35 years old this year, and a proud mother of 2 children, until 2 years ago when she was diagnosed with throat ",,,,,,,,,,,
Please Help an Abandoned Poodle with a Broken Leg,"Hi everyone, Meet Kylie (formerly Cherry). She’s a beautiful two year old poodle with a broken hind leg that was recently ",,,,,,,,,,,
Save My Husband Senthil,"My name is Sheela and my husband is Senthil, both of us are Indian national working in Singapore holding employment pass.. ",,,,,,,,,,,
Hampers for Low-Income Families #AIWFC x #GreatSingaporeGive,"Bless 45 families with a Christmas Hamper!

This Christmas, we would like to give practical care items to those in need. ",,,,,,,,,,,
Team SIG | Ride for Ration 2020 |,Team SIG fundraising by Jason Chew/Paul Goh/Guo Xian for SunLove Abode for Intellectually Infirmed Ltd in support for Bike-Aid ,,,,,,,,,,,
Give a support for premature baby Venice,"We need your prayers and help for my 27+5 weeks premature baby girl is in the Neonatal Intensive Care Unit. 
I am a Malaysian ",,,,,,,,,,,
Help Tha Mee With Her Stomach Cancer,"Help Tha Mee with her surgery bill and cancer treatment Tha Mee had been working for my family for the last 7 years, looking ",,,,,,,,,,,
Help my wife fight for her life in ICU,Help my wife fight for her life in ICU My wife Wen Bin and I have been married for two years. We live in Singapore as I ,,,,,,,,,,,
Help My Son Ethan Fight Epilepsy,"Our Son Ethan’s Brain Surgery to help reduce his debilitating seizures! With all other options exhausted, our 12 year old ",,,,,,,,,,,
Wong Heang Fine #SJVirtualCharity Brisk Walker,"In conjunction with Surbana Jurong's sixth anniversary, my colleagues and I have been walking, running or cycling to raise ",,,,,,,,,,,
Art With A Cause!,"For this year, we would like to give back to the community. For this initiative, we will be tapping onto your Champ's artwork. ",,,,,,,,,,,
108 Sun Salutations for India,"Hi friends,

India's Covid-19 situation needs no more introduction. Join me in dedicating 108 Sun Salutations to our friends ",,,,,,,,,,,
Help Jacquelyn Survive Cancer for her Two Young Kids,"Jacquelyn was diagnosed with squamous skin cell carcinoma just a few weeks ago after discovering a lump on her head, that ",,,,,,,,,,,
Help Weiye To Raise His Medical Fees,Weiye is an extraordinary man! You might have seen or heard about a Singaporean started an orphanage in Vietnam and even ,,,,,,,,,,,
New Mother Battling Stage 3 Breast Cancer during COVID-19 #StrongerTogetherConnie,"Please donate to help Connie conquer Stage 3 breast cancer Connie Sun lives in Seoul, Korea with her husband and 11-month-old ",,,,,,,,,,,
#wegiveinsolidarity: Help our HOME-builders (For Migrant Workers during Covid-19),"#wegiveinsolidarity Hello everyone, 

thank you so, so much for clicking on this link :”)  I’m Amanda, and I guess this ",,,,,,,,,,,
Help Jeany Recover From Heart Attack,"My name is Jeany Juarana. I am 39 years old and I come from Bago City, Philippines. I am a domestic helper working in Singapore ",,,,,,,,,,,
life cycle,"TUN believes that apart from supporting the community in through our duty of care as nurses, Nurses should also support ",,,,,,,,,,,
Yoda+Sharon Ride for Rations 2020,We will be doing a 400km fundraising ride this September with Bikeaid's Ride for Rations 2020 to raise funds for  Sunlove ,,,,,,,,,,,
Barclays Charity Ride for Aidha 2019,A group of Barclays colleagues will take part in OCBC cycle event on May 12th as corporate team into The Sportive Ride (42km) ,,,,,,,,,,,
"Singapore Prison Service (SPS), ComC Cares!","The origins of Singapore's penal system may be traced back to the arrival of the first batch of convicts in 1825. However, ",,,,,,,,,,,
Love Without Borders - Online Fundraising Concert,"Fundraising in aid of the marginalised children, whose education have been undermined by COVID-19 Love Without Borders is ",,,,,,,,,,,
Help Aunt Chwee Ang Pass on Peacefully..,Help Aunt Chwee Ang Pass On Peacefully Thank you for taking your time to read this post. My aunt Madam Toh Chwee Ang has ,,,,,,,,,,,
Chairs for Community - Support Rainbow Centre's New Campus!,"PULL UP A CHAIR AND JOIN OUR COMMUNITY! When you walk into a room full of people and there is no seat left for you, how ",,,,,,,,,,,
Help Madam Cheah,"Madam Cheah was happily married and working in Singapore for many years, and have a loving husband who dotes on her.

The ",,,,,,,,,,,
Help Give Yati A Fighting Chance,"We are fundraising with the goal of having Yati's light and fighting spirit around us for longer - for her kids, for her ",,,,,,,,,,,
Red Cross Youth - Greendale Secondary School,"Dear Friends

We are from Greendale Secondary School Red Cross Youth. We are raising funds for the Singapore Red Cross. ",,,,,,,,,,,
NCIS Cancer Fund & NUH Children's Cancer Fund,Note: We would like to seek your understanding that the issuance of tax deductible / non-tax deductible receipts will be ,,,,,,,,,,,
Brave the Front: Equip medical professionals in Indonesia with PPE to fight COVID-19,Help medical professionals in Indonesia #BravetheFront We are crowdfunding to raise money for the purchase of protective ,,,,,,,,,,,
Help Natarajan With Her Medical Bills,Natarajan Vellaiammal has been our beloved Foreign Domestic Worker was over 5 years. She came to Singapore in 2015. She ,,,,,,,,,,,
Free Food Point,Hi everyone. We at Krsna's Free Meals are seeing a 2-fold jump in beneficiaries with the recent announcement of tighter ,,,,,,,,,,,
Help little Laila beat leukaemia and see her 3rd birthday,"Two-year-old Laila urgently needs your help to see her next birthday. Like many young children, Laila loves birthdays! And ",,,,,,,,,,,
KDF Millennium Ride 1000km (10-14 Jan 2019) - Thomas Ng,"Dear all, On 10th-14th January 2019, a group of fund-riders will be embarking on the 6th KDF Millennium Ride, an annual ",,,,,,,,,,,
Please Give Tharuman A Chance To Recover,23yo Malaysian worker critically hurt in Singapore I'm a colleague of Tharuman and I'm helping him to start this campaign ,,,,,,,,,,,
giftsfromtheheart x rmhc,"This is a student initiative in conjunction with Ronald McDonald House Charities, whereby we will be fundraising through ",,,,,,,,,,,
Help Pawan pay for her serious medical condition,"Pawanjeet needs your heartfelt financial support and best wishes Background

Pawanjeet Kaur is a domestic helper who has ",,,,,,,,,,,
Surgeries Funds for Baby Johanna,Meet the courageous Baby Johanna. Baby Johanna was born prematurely at 34 weeks in September 2017. She was diagnosed with ,,,,,,,,,,,
Give Madam Rai Hope,"Help Madam Rai Madam Rai came to Singapore 10 years ago and married her husband, till to date, she is still holding a long ",,,,,,,,,,,
Help raise funds for people with disabilities like me,My name is Joash and I’m a Secondary 1 student at Anglo-Chinese School (Barker Road). I was born with cerebral palsy which ,,,,,,,,,,,
Help Berna Recover from Stroke,“The greatest good is what we do for one another.” ~Mother Teresa. My sister Berna is the eldest among four siblings in ,,,,,,,,,,,
"2020 Rain or Shine, Teresa Supports MS","Hi there! My name is Teresa, and I am a 2020 Multiple Sclerosis (MS) Ambassador. Some of you know about my sister, Shannon. ",,,,,,,,,,,
Please Help To Raise Funds For Premature Twin Babies Treatment,"Please help my friend, Sunil & Supriya, for their premature twins My name is Ali Yasir and I am raising funds for my friend, ",,,,,,,,,,,
Help Uncle Tan Get Rid of This Cockroach Haven,"Uncle Tan, a single senior elderly, age 80, comes from the forgotten low income cluster of Singapore has been staying alone ",,,,,,,,,,,
Please Help Save My Aunt’s Life,"My auntie, Madam Kang Sie Mui is an Indonesian, residing in Batam (Indonesia). Having to raise 2 kids in rural Indonesia ",,,,,,,,,,,
Pampered Pooches Walk ONE MILLION Steps,"The video and photos you see here are just some of our regular daycare doggies. 

Rain or shine, we walk our daycare doggies ",,,,,,,,,,,
Give Hope to Noe Noe,"Myat Noe Khin or known as Noe Noe, is a 10 year-old girl who was diagnosed with Brain Cancer since 2012 (when she was 2 ",,,,,,,,,,,
Save Wawa from Starving,Time is running out! Wawa has a congenital condition called Vascular Ring Anomalies. Her esophagus (food pipe) is constricted ,,,,,,,,,,,
Help Julie Recover From Multiple Organs Failure,Help Julie Ann Ubaldo Lucero to Recover from Multiple Organs Failure due to Severe Blood Poisoning Thank you for taking ,,,,,,,,,,,
Give Migrant Worker Islam A Chance To Live,"Give 22 years old Islam a chance to live. Islam Md Haduil came from Dhaka, Bangladesh and been working in a the construction ",,,,,,,,,,,
Strokes of Vigour,We are 3 sisters who started to learn calligraphy since 4 years old. We would like to share our works to support the Straits ,,,,,,,,,,,
"2019 Rain or Shine, Sheryn, Jovahn and Tiong Beng Cycle for MS","Hi there! We are Sheryn, Jovahn and Tiong Beng, and we are Multiple Sclerosis (MS) Cycle Ambassadors. Together with other ",,,,,,,,,,,
"KNOCKED DOWN, BUT NOT OUT HELP QINGBIAO","Qing Biao was a recent university graduate in a new job, but he was tragically struck down while innocently crossing the ",,,,,,,,,,,
Help Dac Nhan To Reduce His Pain,"Updated 18 December 2019: Bad news! Dac Nhan was in Singapore until 29 November for his after hospital check-up, and he ",,,,,,,,,,,
Safe4Now - End suicides - #GivingWeekSG #GreatSingaporeGive,"Dun let them leave the world with regrets. Let's keep them Safe4Now

Every life is precious especially those who have yet ",,,,,,,,,,,
#PledgeYourSolidarity & share your surplus #wegiveinsolidarity,#PledgeYourSolidarity & share your surplus vulnerable Singaporeans who need a safe home to shelter in. Got some extra funds ,,,,,,,,,,,
Give baby Yi Xin a fighting chance,"On June 3, 2020, my aunt was admitted to the hospital to have a baby immediately because of an accidental increase in her ",,,,,,,,,,,
Help Baby Niyaz Fight End Stage Liver Disease,"Baby Niyaz needs a Liver Transplant! Dear Givers,
 
My name is Zakiah and I am a mother to 10 month old Baby Muhammad Niyaz ",,,,,,,,,,,
Fund Raising for Indonesia Sulawesi quake-tsunami relief,"Dear all, on behalf of Red Cross and as a member of the public, i've started this campaign to to raise funds for this cause. ",,,,,,,,,,,
Bynd Artisan #JustOneThing: Pay it Forward and Get a Notebook Designed by Kristen Kiong,"Under this #JustOneThing campaign with Bynd Artisan, we invited 12 influencers to design their own unique notebook by reflecting ",,,,,,,,,,,
SingaporeCancerSociety-Talkmed Relay For Life(FirstAdviser),Thank you for visiting First Adviser fundraising page! We hope you will support us in our cause by making a donation. Donating ,,,,,,,,,,,
BAG-to-School 2022 for Children in Collaboration with Soulrich Foundation,"The beginning of a new year is usually an exciting time for students as they embark on a new school year. However, for children ",,,,,,,,,,,
Give Gracelyn A Second Chance,"Gracelyn came on GIVE.asia last year, when she’s seeking treatment for her second transplant for her Myelodysplastic syndromes, ",,,,,,,,,,,
"#PeopleforGUI - Share, Give and Double-up for Ground-Up Initiative","Campaign Goal Reached! [Update 25 Oct 2018] Hi everyone, apologies that it's taken the team some time to tie up loose ends. ",,,,,,,,,,,
Baby Rheya Needs Your Help,Baby Rheya Needs Your Help to Get the Liver Surgery She Needs for a Chance at Life This is Baby Rheya. She currently has ,,,,,,,,,,,
Give Chee Mun A Chance To Recover,"Give Chee Mun a chance to recover! Chee Mun came from Malaysia to seek a living in Singapore, working as a Chef in one of ",,,,,,,,,,,
Help Yemen with Medecins Sans Frontieres (Doctors Without Borders),"A while ago, I shared what little I knew about Yemen on my socials. A historically rich and diverse landscape many of us ",,,,,,,,,,,
Help My Premature Baby Jero,"Help our Premature Baby Jero. My name is Chee Hou, myself and my wife are from Malaysia working in Singapore. 
He is my ",,,,,,,,,,,
Baby Audri Need Your Blessing,Baby Audri’s parents were ecstatic when she was born nearly 4 months ago. Their only daughter was happy and well until she ,,,,,,,,,,,
Help Baby Huyen With Her Hydrocephalus,"Baby Huyen was born with Hydrocephalus and she’s 3 years old this year.

When the parents came to know about it, she’s already ",,,,,,,,,,,
COVID-19 Response,"2019 Novel Coronavirus - Singapore Red Cross to launch public appeal to support affected and at-risk communities (Dear Friend, ",,,,,,,,,,,
Help Children with Hearing Loss Receive Early Intervention #SeasonOfGiving,"Your GIFT creates REAL impact!

Meet Charmaine (not her real name), a 3-year-old student who benefits from the Early Intervention ",,,,,,,,,,,
Help Thu An with her Hydrocephalus,"Thu An came from the Northern Central Coast of Vietnam call Thanh Hoad Province, and the family are from the middle class. ",,,,,,,,,,,
Live Online Workout for Good,"LIVE ONLINE WORKOUT FOR GOOD Context: Circuit Breaker may be ending soon, but many families are still facing with the daunting ",,,,,,,,,,,
Help My Baby Kyo Medical Bills,"Please help my baby with Congenital Lung Emphysema My name is Lee Bin Li, 29 years old Malaysian, currently a PR in Singapore. ",,,,,,,,,,,
Give Lok Wai Khuen A Chance To Recover,Help Lok To Pay For His Medical Bills to fight His Rectum Cancer I am helping my colleague to raise fund for his medical ,,,,,,,,,,,
Give Morel The Fighting Chance,"Morel was a very active boy up to 2 weeks ago. In fact, the family was planning for Morel a Ultraman theme party for his ",,,,,,,,,,,
Help Moe Moe Receive Medical Treatment,Help Moe Moe for her ongoing health treatment Moe Moe has been working in my family since 2015. It is not easy to work in ,,,,,,,,,,,
Help Our Baby Boy who born premature,Helping my son Jun Zhe on his medical expenses Both my wife and myself are Malaysian and Singapore PR residing in Singapore. ,,,,,,,,,,,
Please Help My Dad,"5 years ago, my dad was diagnosed with this uncommon form of cancer, ET aka Essential Thrombocytosis. Unfortunately, we ",,,,,,,,,,,
Solidarity Gift for SG Livelihoods Fund by Pamela Choo #WeGiveInSolidarity,"Dear friends and family,
 
We are going through unprecedented times. COVID-19 is resulting in a period of anxiety and stress ",,,,,,,,,,,
Run For Good!,"Participate in a run for the charity and contribute to positive change at your own pace and at your preferred location!

Challenges ",,,,,,,,,,,
Cirium APAC Charity Run - Help protect children in emergencies,"Thank you for being part of our Fundraiser!

Cirium's diverse APAC team is organising a multi-city 10 km team run to raise ",,,,,,,,,,,
Show a little love this season.,"The Chen Su Lan Methodist Children's Home receives children from complex family backgrounds of abuse and neglect. 

For ",,,,,,,,,,,
Give Madam Ng The Chance To See Her Grandchildren,Give Mdm Ng the chance to live and see her grandchildren Mdm Ng left her home from Malaysia to work in Singapore in the ,,,,,,,,,,,
A Special Christmas for Children,#VALUE!,,,,,,,,,,,
Provide food for Kuma families through Covid-19,"The spread of COVID-19 has affected Cambodia and Kuma, just like the rest of the world. 

The government ordered all schools ",,,,,,,,,,,
Dollar Matching: Empower Children and Adults in CPAS #GivingWeekSG,"Donations are matched by ToteBoard and Government!

Cerebral Palsy is caused by illness or injury to the brain before or ",,,,,,,,,,,
Give 3-year-old Mariatul A Chance To Hear Again,"Hello everyone. I'm Mariatul. I'm 3 years old. I can't really hear everything properly, and sometimes I get into trouble ",,,,,,,,,,,
Help Fund Affandi For His Medical Bills,"Help Fund & Bring Affandi Back On 10 November 2019, Affandi met with an accident at SLE. He lost control of his motorcycle ",,,,,,,,,,,
Paint for a Cause FINALE,"Thank you for your recent donation to Habitat for Humanity Singapore. 

Because of your generosity, the less fortunate and ",,,,,,,,,,,
Help Baby  Hai Dang With Sarcoma,"Baby Hai Dang was born on 01 July 2019 in Vietnam, he was the joy and pride of the family as this is their first born!

However ",,,,,,,,,,,
Help Lanlan with her heart defect surgery,"""To have and to hold from this day forward, for better, for worse, for richer, for poorer, in sickness and in health, until ",,,,,,,,,,,
Save Baby Vy's eyes,"Edited 21 May 2019: I am trying to get at least 1,000 people to donate $10 to help pay for this baby's eye surgery. He is ",,,,,,,,,,,
Help My Mum Fight Tumour,"Thank you for taking time to read my story.

2021 been a tough year for my mum, who is 67 years old. My dad passed away ",,,,,,,,,,,
Final Journey Funeral Expenses - HJ0258,"We regret to announce that Uncle Ng who is under our care had passed away today. Uncle Ng, a senior elderly, age 85, comes ",,,,,,,,,,,
Help our Baby overcome Prematurity!,"Both my husband and I are residing and working in Singapore for the past 10 years. 
Our intention was to go back to India, ",,,,,,,,,,,
Sail SG Challenge 2021,We are a group of varsity sailors from NUS seeking to share the joy of sailing with the community by attempting a full circumnavigation ,,,,,,,,,,,
Help Premature Baby Mattheo,"“And we know that for those who love God all things work together for good, for those who are called according to his purpose.” ",,,,,,,,,,,
Donate for Exclusive SOSD WhatsApp Stickers,Spruce up your WhatsApp by adding 12 exclusive stickers to your messages! To help with the cost of operating our SOSD shelter ,,,,,,,,,,,
Help Zoey And Her Children,Help Zoey And Her 2 Children! Many of you might had read about the story of a 26 years old Singaporean woman left her abusive ,,,,,,,,,,,
,,,,,,,,,,,,
Wee's Hair for Kids' Hope,Hi supporters! You might have seen me through multiple hairstyles throughout the years - from bowl haircut to maggi mee ,,,,,,,,,,,
SingHealth Freewheelers and Friends Ride for KDF,The SingHealth Freewheelers are a group of healthcare providers from SingHealth who have been cycling for over 5 years not ,,,,,,,,,,,
Help Feroz earn a living after the accident,"I dreamt of Singapore, but now, of a better future Feroz is the migrant worker featured in the film ""I Dream Of Singapore"": ",,,,,,,,,,,
Assistance to Needy #AIWFC x #GreatSingaporeGive,"Your giving will provide year-round assistance to the needy. Funds raised here will be disbursed to low-income families, ",,,,,,,,,,,
Singtel Race Against Cancer by William Woo,"Every year, I sign up for the Singtel-Singapore Cancer Society Race Against Cancer run. In a way, it is symbolic of the ",,,,,,,,,,,
Give Baby Hayden a Love Heart,"Dear All Sisters & Brothers,

Please help my son (Hayden Tan Jun Kai) on the Surgery Cost. 

My Son was diagnosed Hirschsprung ",,,,,,,,,,,
Help Baby Phuoc To Relieve His Pain,"Baby Phuoc is a 25 month old baby who is in tremendous pain right now. He was born in Vietnam, and was diagnosed with Hydracephalus ",,,,,,,,,,,
Let Madam Lee keeps her smile,"We are not asking for much, we just want our mother to be able to receive treatment without having to worry whether her ",,,,,,,,,,,
Give Siti A Chance To Recover,"Siti joined the family in Feb 2013 as a domestic helper. 
Since then, she has been very much like a family member to us, ",,,,,,,,,,,
Dan Yock Young runs for St Luke's Hospital,"Dan is currently Head of Medicine at National University Hospital. Overseeing the medical care of patients in the system, ",,,,,,,,,,,
Help Mae Fight Leukemia,"Miss Durban Rhea Mae Lucasan, or known as Mae, is currently 29 years old, and came to Singapore from Bay-Ang Ajuy, Ilo Ilo ",,,,,,,,,,,
Help Carmen With Her Colon Cancer,Please help “Nanay Carmen” in her battle against Colon Cancer. Nanay Carmen is a loving grandma who came to Singapore to ,,,,,,,,,,,
Sponsor an Iftar Meal for a Targeted 4000 Families this Ramadhan,Muslim Converts’ Association of Singapore (MCAS) also known as Darul Arqam Singapore is a non-profit charitable organization. ,,,,,,,,,,,
Help me Fight Metastatic Ewing's Sarcoma & Infected Megaprosthesis,Please Help Me Fight Metastatic Ewing's Sarcoma & Infected Megaprosthesis I have been battling with metastatic ewing's sarcoma ,,,,,,,,,,,
Give Raenelle A New Lease Of Life,Help 1 Year Old Raenelle with End Stage Liver Disease. My name is Vicky and i am helping Our daughter Raenelle Wong to raise ,,,,,,,,,,,
"Bee Lee, Hui Ting & Sheethal swim for the Disabled","Thank you for visiting my fundraising page! I hope you will support me in my cause by making a donation.

The Red Cross ",,,,,,,,,,,
Help us feed families in Bali!,"UPDATE 3:00 PM We are incredibly touched by your response!

Thanks to your overwhelming support, we have now surpassed our ",,,,,,,,,,,
Support family of the worker killed by crane collapse,"This is young Velmurugan who died in the Novena crane crash on November 4, 2019. Age 28. Married one and a half years ago. ",,,,,,,,,,,
Help Jocelyn To Live Another Day,"Give My Wife Jocelyn A Chance To Live Another Day My wife, Jocelyn Lagman, has been battling Stage 4 Invasive Ductal Carcinoma ",,,,,,,,,,,
Groceries to Support Free Meals for Poor,"Hi everyone! Since the spread of the COVID-19 pandemic, our soup kitchen in Little India has seen an increase in the number ",,,,,,,,,,,
Help Hilda raise money for Singapore Cancer Society,Thank you for visiting my fundraising page! I hope you will support me in my cause by making a donation. I've missed the ,,,,,,,,,,,
Solidarity Gift for SG Livelihoods Fund by Leon Toh #WeGiveInSolidarity,"Hi Friends, 

In this unprecedented time of the COVID-19 pandemic with the challenges it brings on vulnerable families, ",,,,,,,,,,,
Give a little. Help a lot. Share hope. Support dialysis patients.  - Aakash,"It’s a journey, mission and a will, I pledge to support. A choice that you make today would help someone tomorrow. @ It’s ",,,,,,,,,,,
Give my 5 days old baby a chance,"""As a mother to be so distanced with my new born baby just gives me a lot of heartaches"" Hi, I am Cheryl. I just recently ",,,,,,,,,,,
Melville Park Cyclists Riding for Breast Cancer Foundation #MelvilleParkRides4BCF,"We make a living by what we get, but we make a life by what we give - Winston Churchill Thank you for visiting the Melville ",,,,,,,,,,,
Save Baby Eve From Tumor,"Please help Baby Eve to be healthy, walk and play happily again. Baby Everest, or Baby Eve is a 20 months old baby born ",,,,,,,,,,,
The Giving Tree 2021,The inaugural Giving Tree started off as a small internal hospital fund raiser back in 2010 and has grown over the years ,,,,,,,,,,,
Fill (not the bin but) the Lives of Those in Need,This is a non-profit initiative that works with social workers and channels preloved furniture/appliances to people in need. ,,,,,,,,,,,
"2020 Rain or Shine, Shannon Supports MS","Hi there! My name is Shannon, and I am a 2020 Multiple Sclerosis (MS) Ambassador. In July 2010, my world fell apart because ",,,,,,,,,,,
Tackle hunger and raise funds for The Food Bank Singapore,"The pandemic has pushed many people into financial hardship, with millions now experiencing extreme levels of hunger as ",,,,,,,,,,,
Help our Premature Baby Kaede,Help our premature Baby Kaede Me and my wife are parents to a premature baby boy. My wife was scheduled to go back to the ,,,,,,,,,,,
Raising funds for Physically & Mentally Disabled,Thank you for visiting my fundraising page! I hope you will support the in my cause by making a donation. Donating is really ,,,,,,,,,,,
Give Baby Cuong A Second Chance To See,"Baby Cuong, is 15 months old, came to Singapore a year ago to treat his eye, and during the time, both his eyes had gone ",,,,,,,,,,,
Please save my beloved mother,"Please save my beloved mother This is my beloved mother, Madam Yiap, a kind-hearted, cheerful lady 86 years old, born and ",,,,,,,,,,,
Emergency Treatment for Little Channey,"This is an urgent appeal asking for your support to save 6-year-old Channey from impending paralysis, and premature death. ",,,,,,,,,,,
Help My Premature Baby Ayana,"Help My Very Premature Daughter in NICU Hello, I am Nikheel. We are a family of three - Me, My Wife (Himani), and my Daughter ",,,,,,,,,,,
SOS for Baby Zab,"Yzabella Joy (baby ""Zab"") is a blessing that has been long awaited by Mommy Joy and Daddy James. Her coming to this world, ",,,,,,,,,,,
Raising Funds to Deliver Meals to the Less Fortunate,"What this fundraiser is about... As a result of the COVID-19 pandemic, many have been left feeling the disastrous economic ",,,,,,,,,,,
Ride for Rations 2019 - end hunger and nourish lives,"Thanks for visiting my fund raising page.  On Saturday 27th August, my wife and I will spend two days cycling the 250km ",,,,,,,,,,,
Save Baby Anh Quoc from Hydrocephalus,"Baby Anh Quoc is only 17 months old, and he was born with Hydrocephalus!His mother is a single mother taking care of 2 children, ",,,,,,,,,,,
Solidarity Gift for SG Livelihoods Fund by Shirley Lam #WeGiveInSolidarity,"Dear friends,

While COVID-19 may be emotionally and mentally challenging for some of us, there are many underprivileged ",,,,,,,,,,,
Fill-A-Backpack for 700 students in Rural Nepal,"Our Founding Story ....10 months ago, what intended as an excuse to escape the dreadful monday morning meetings had me ended ",,,,,,,,,,,
You’ll Never Walk Alone by Bennett Neo #YNWAbyComChest,"""You'll Never Walk Alone"" has become the unofficial anthem of the universal fight against COVID-19 all across the globe, ",,,,,,,,,,,
Darul Ihsan Orphanage,"Every child deserves a good education, good food, a roof over their head regardless if their parents are still alive or ",,,,,,,,,,,
Evelyn's Support for Children's Cancer Foundation,"Hi, my name is Evelyn I’m 10, I was born in Singapore but my family is Australian. Though I am a permanent resident in Singapore. ",,,,,,,,,,,
Popular Vouchers for Students #AIWFC x #GreatSingaporeGive,"Help low-income families with school-going children.

The end of year season might be a time of celebration and festivities ",,,,,,,,,,,
100km on 7/11 charity bike ride to support SG migrant workers,"Hey guys, on 7.11.2020 (Sat 11th July), we will be cycling 100km around SGP coastline with a few friends to raise $5000 ",,,,,,,,,,,
Help two migrant workers seriously ill after Covid-19,"""Pa! Pa!"" cried out his son, but Siva could not reply Siva lay motionless on his bed as his 10 year-old son cried out to ",,,,,,,,,,,
Cancer patient holding on for 5 siblings,Media coverage: Click to read in chinese https://www.johornow.com/donation-for-helping-a-girl-from-jb  Jing Yi (JY) is 27 ,,,,,,,,,,,
Give Minh Duc A Chance To Live,"Vu Minh Duc is a 9 month-old Vietnamese boy, born on Sep. 15, 2018 and is his mom’s first child. He was born with immunodeficiency, ",,,,,,,,,,,
"Migrant Matters x The Social Co.: 3,200 Care Packages","Migrant Matters and The Social Co. are coming together to prepare 3,200 care packages for our migrant worker friends! We ",,,,,,,,,,,
Grant Needy Students Access To Education,What if your school going child had to put his or her studies on hold? How would you feel? This is a true concern for more ,,,,,,,,,,,
Nizam is going home..but broken,"Nizam is going home, but broken.. Md Nizam Uddin is a 40 years old healthy guy who arrived in Singapore healthy and eager ",,,,,,,,,,,
Stroke patient in need of medical and family support,Stroke patient mother of 4 in need of medical fees and family support Our Foreign Domestic Worker suffered from a severe ,,,,,,,,,,,
Help Me With My Deceased Mother's Hospital Bills,I'm single mom with 2 children (P6 & P2) with my parent living in Singapore.  My parent are from Malaysia and holding the ,,,,,,,,,,,
Bayshore RfR 2020,"Hey guys!

It’s the time of the year, when we come knocking at your hearts to help us support the annual needs of 440 underprivileged ",,,,,,,,,,,
Cancer Migrant Worker Rasu Ravi,Our worker- Rasu Ravi (Refer to WP below) is diagnosed will brain tumour and would not be able to perform his job scope ,,,,,,,,,,,
Baby Tank Need Your Help,"Baby Le Trong Thanh or known as Tank, is only 14 months old, and the poor boy not only contracted Hydrocephalus, but also ",,,,,,,,,,,
KDF Millennium Ride 2019 - My 2nd Year raising funds for the needys.,"We the Epic Cyclist group will be cycling from Malaysia-Singapore covering 1000km in January 2019, in aid of KDF’s low-income ",,,,,,,,,,,
Community Service Giants,"HCA Hospice Care, established in 1989, is an independent charity that provides home hospice care services to patients with ",,,,,,,,,,,
Elisha and Tiffany's Charity Bake #SeasonOfGiving,"This campaign has been created on behalf of Elisha and Tiffany, Friends of Canossaville.

--
Hi we are Elisha and Tiffany, ",,,,,,,,,,,
Help Ta ka chia group raise money for Ride for Ration,"Thank you for visiting our fundraising page! I hope you will support us Ta Ka Chia Group-((Amanda Chong,Sabrina Bahari,Kassim ",,,,,,,,,,,
REBUILDING PANTI ASUHAN ORPHANAGE DAMAGED BY SEROJA CYCLONE CHALLENGE,"REBUILDING PANTI ASUHAN ORPHANAGE CHALLENGE 10 years ago, a group of NUS architecture students set out to Waingapu, East ",,,,,,,,,,,
"Help Jacob, Priscilla, Joshua, Joyce, Grace & Faith to raise FUNd for St. Luke Elders!","Thank you for visiting my fundraising page! I hope you will support me, my wife, Priscilla, and our four children in our ",,,,,,,,,,,
Help Baby of Heni,"Puan Heni and En Samsir were looking forward to welcoming their 3rd child into the family. Due to financial constraints, ",,,,,,,,,,,
Revolution COVID-19 Relief Fund,"45MINS OF SPIN WITH STEPH (@bunbunbunz)

PART 2 OF REVOLUTION'S COVID-19 CARE FUND SATURDAY, 06/06 1:30PM?
?
Join us in ",,,,,,,,,,,
Support Kidney Dialysis Foundation Milliennium 1000km ??????kick ass Ride 10th Jan to 14th Jan??????,Thank you for visiting my fundraising page! I hope you can support as we ride 10th to 14th Jan 1000km rain or bbq sun to ,,,,,,,,,,,
Please help mother of 2 children fighting cancer during Covid-19,"Life could not be more contented for Huyen Ngan, a 27 year-old Vietnamese woman who is the mother of two. And all in a sudden, ",,,,,,,,,,,
Give Hoang Lam a chance to fight cancer!,Nguyen Hoang Lam is a very much loved son and younger brother. He is 10 years old and loves nothing more than to fill his ,,,,,,,,,,,
Epic fundraising ride to the unfortunate ppl,"Thank you for visiting my fundraising page! I hope you will support me in my cause by making a donation.

Donating is really ",,,,,,,,,,,
Help My Father Al Azmi With His Medical Bills,"My dad, Al Azmi, is a Malaysian and had been staying in Johore all his life.

I work in Singapore as a technician with a ",,,,,,,,,,,
Final Journey Funeral Expenses - HJ0142,"We regret to announce that Mdm Helen who is under our care had passed away today. Madam Helen, a senior elderly, age 77, ",,,,,,,,,,,
Empower Children And Their Families At Canossaville #SeasonOfGiving,This is part of Canossaville's Season of Giving Campaign and contributions are multiplied through dollar matching by the ,,,,,,,,,,,
Help My Son With His Kidney Cancer,"SARCOMA CANCER OF THE KIDNEY Dear donors,

My name is Swetha and I'm seeking your help to save my son, Anirudh, who is 3 ",,,,,,,,,,,
Help Jack To Tie Through His Cancer Treatment,"Jack is 58 years old this year, and always believe in active aging. During sometime in May, he felt something is not right ",,,,,,,,,,,
Ride for Rations 2019 - end hunger & nourish lives,An invite to do good: Bike-Aid (Singapore) and the organising committee of Ride for Rations https://bikeaid.org.sg/ride-for-rations ,,,,,,,,,,,
Crafts & Baking for Children In Need,"Hi my name is Zoe. I am 9 years old. I admire the work that Club Rainbow does to help the community.
To help support this ",,,,,,,,,,,
Please help baby Diwa and mommy Laarni,"""We're knocking on your kind hearts"" My wife was just 6 months pregnant when she felt a severe tummy pain, I rushed her ",,,,,,,,,,,
Help Baby Jkhiel For His Surgery,Baby Jkhiel was born into this world via cesarean birth on 29 April 2021 due to his transverse position. He was  positioned ,,,,,,,,,,,
Project Aeipathy 2020 Raffle,"Hi there, we are Project Aeipathy 2020, a student-initiated fundraising project team which came together in hopes of raising ",,,,,,,,,,,
Help Grace To See,"Grace was born on 16 August 2018, and unfortunately, she was born with Gimbal Dermoid on both of her eyes. Dermoid cysts ",,,,,,,,,,,
Team GAZ: Krabi Habitat for Humanity Build May 2019,"In Memory of our Brother and friend Gary, we will be going to Krabi for our second Habitat for Humanity build. We hope you ",,,,,,,,,,,
SG TS team takes on 100km for Singapore Cancer Society,"Dear Friends, Thank you for visiting our fundraising page! We hope you will support our cause by making a generous donation ",,,,,,,,,,,
Help My Father To Proceed With His Surgeries,"My father had been working in Singapore in the construction and engineering sector for the last 35 years, and had been staying ",,,,,,,,,,,
Community Chest Christmas Light-Up 2021 #ChristmasLightUp #GivingWeekSG #GreatSingaporeGive,"In collaboration with SG Cares Giving Week and co-organised with the Orchard Road Business Association (ORBA), the Community ",,,,,,,,,,,
Help Oronos Fight TB,Help Oronos Fight Disseminated TB Updated 10 August 2021: ?????????? ???????????????????????????????????????????????????????????????? ,,,,,,,,,,,
Ambulance Transport Services for Needy Residents,"Sometimes life can bring about a host of challenges all at once. Some of our low-income residents for example, not only ",,,,,,,,,,,
Help for Transport Fund for Tamimi,I’m a mother of a 13 yesrs old boy named Tamimi Syawalludin Pohan. He was diagnosed with ‘Osteogenesis Imperfecta’ also ,,,,,,,,,,,
Help Samuel To Be Normal Again,"Samuel is 19 this year, and like any teenager, he goes to school, involved with school and church activities and attend ",,,,,,,,,,,
Help Muhammad Adira Syaputra,"I am Vera, mother of Adira (1,7 years) have a congenital heart defect from birth. Based on the results of echocardiography, ",,,,,,,,,,,
Migrant workers cheated of their salary need your help,"Kuttaiyan Murugesan had been working for a company that handles laundry for hospitals since 2012, for a period of six years. ",,,,,,,,,,,
Please Help My Mum Fight Brain Tumour,"Dear givers, my name is JinHui, and I'm here seeking your help with my mother's medical bill.

My mum, Madam Lim is from ",,,,,,,,,,,
Help me put the smile back on my life partner's face,"Here we are in 2019, and the rain is getting heavier. More than ever, Serene and I need your help to keep going on. Despite ",,,,,,,,,,,
Save Abused Baby Phuc Minh,"Baby Phuc Minh was born on 04 December 2018, but he doesn’t have an easy life. He was abused since he was born, as his father ",,,,,,,,,,,
Support Lorena’s Road To Recovery (Wesley Can’s wife),You may have come across Wesley Wee - a 40 year-old Singaporean who was diagnosed with Cerebral Palsy soon after he was ,,,,,,,,,,,
Salvation Army Christmas Kettling 2021,"In view of the upcoming Christmas season, Fusion Health Care Technology Singapore Pte Ltd, would like to spread love, joy, ",,,,,,,,,,,
Children's Day Appeal 202,"The school is supporting the Children's Day Appeal (CDA), a fundraising campaign by the Community Chest. By participating ",,,,,,,,,,,
"The Salvation Army Haven - Help meet the needs of the young residents
","The joy of giving!

The Haven is a residential home to care for children and young people who are unable to be cared for ",,,,,,,,,,,
Solidarity Gift for SG Livelihoods Fund by Nicole Chua & Colin Koh #WeGiveInSolidarity,"There is no such thing as a small act of kindness. Every act creates a ripple. We can’t help everyone, but everyone can ",,,,,,,,,,,
"Yoga for a Change x LOVE, NILS 2021 (continued!)","This campaign is a continuation of our previous campaign, to close the gap to our goal before 2021 ends https://www.giving.sg/campaigns/yogaxlovenils!

We ",,,,,,,,,,,
Help baby Noelle this Christmas,Help Baby Noelle come home this Christmas <<Update! Thank you for your generosity and outpouring of kindness. We will keep ,,,,,,,,,,,
Help A Single Mother With 3 Children,"Madam Hafsah lives in a 1 room rental flat with her 3 children, aged 2, 3 and 10. Her husband left her 9 years ago, without ",,,,,,,,,,,
Give XiXi A Chance,"You might have read the article last week about a baby girl from China and suffering from neuroblastoma, if not here’s the ",,,,,,,,,,,
Please give my four years old daughter with Cerebral Palsy an opportunity to gain independence,"My beloved daughter, Xin Yan, is four this year. I delivered Xin Yan premature at 30 weeks, resulting in her suffering from ",,,,,,,,,,,
Help Zhi Qi Live On...,Help Zhi Qi Live On... This is Mai Zhi Qi. He is 19 years old and he is suffering from an incurable disease known as Crohn's ,,,,,,,,,,,
Aon Gifts Books,"Aon Gifting Books It’s time to reflect and count our blessings. As COVID-19 pandemic is still affecting many lives globally, ",,,,,,,,,,,
Low income Family/ Education Campaign,"""Education is the most powerful weapon which you can use to change the world."" Nelson Mandela For the past 10 months, a ",,,,,,,,,,,
Stanley Rides 100KM for St Luke's ElderCare Ltd,"Thanks for dropping by my fundraising page. 

My heart is burdened by the realisation that the cost of live-in elder care ",,,,,,,,,,,
Project MERCI,"About Project MERCI Through this youth-initiated project, we hope to be able to spread this warmth spirit filled with love ",,,,,,,,,,,
Let's Work Together For MTFA's Casket Van!,"Before the year ends, I aim to fundraise $1,000 to support underprivileged families for a dignified burial.

As mentioned ",,,,,,,,,,,
BNP Paribas Supports CPASS,[This is a private fundraising campaign created on behalf for BNP Paribas. Please only donate if you received this donation ,,,,,,,,,,,
Give baby Yu Xuan a Fighting Chance,"My name is Felicia, and I’m actually from Malaysia, working in Singapore, holding a PR.

My intention was supposed to give ",,,,,,,,,,,
Crochet with love- Support the Children's Cancer Foundation!,I am a 10-year-old student who loves crocheting. I would like to use my interest to help raise funds for the Children's ,,,,,,,,,,,
Help Premature Baby Kishanth,"Help My Premature Baby Kishanth Medical Bills Baby Kishanth was born on his 30th week due to emergency caesarean birth, ",,,,,,,,,,,
Help Fund Baby Vito's Hospitalization,Help Fund Baby Vito's Medical Expenses Mindy is a foreign worker working in Singapore for 10 years. She is blessed with ,,,,,,,,,,,
Please Help My Husband Sham,"My loving husband and wonderful father to our 3 young kids, Sham Laser, suffered a devastating stroke last week. He had ",,,,,,,,,,,
Give My Extremely Premature Baby A Fighting Chance,25 weeks Extremely Premature Baby needs your help Currently my little son is fighting bravely with all the tubes and needles ,,,,,,,,,,,
Terence Tan going for KDF Millennium Ride 2019,Thank you for visiting my fundraising page! I hope you will support me in my cause by making a donation. Donating is really ,,,,,,,,,,,
Help Wang Ying Fight Uterus Cancer,Wang Ying had been working for a kindergarten in Singapore for the last 10 years under Work Permit where she cooks delicious ,,,,,,,,,,,
"Singapore Prison Service (SPS), PHQ Cares!","The origins of Singapore's penal system may be traced back to the arrival of the first batch of convicts in 1825. However, ",,,,,,,,,,,
No one fights cancer alone,"I am sure we all know of someone who is battling or has battled against cancer, hence we understand how important it is ",,,,,,,,,,,
Walk4Refugees,My friend Rory and I are planning a 36km walk across Singapore in a day (Coast to Coast Trail) to raise funds for the unfolding ,,,,,,,,,,,
Please help my Wife fight Cervical Cancer,"“For better, for worse, for richer, for poorer, in sickness and in health, to love and to cherish” This is the vow which ",,,,,,,,,,,
Help Benny Fight Cancer,"Benny, is actually a nick name, and her real name happen to be Khanh Ha, and she’s from Vietnam. Benny has been recently ",,,,,,,,,,,
"a slowmade space - for Children's Wishing Well

","The Space

IG: @aslowmadespace

For now, this space lists scented candles and eco-resin crafts, slow-made item by item. ",,,,,,,,,,,
Diabetic Parents Plead Help for Quadriplegic Son,HELP CHEER ON A DIABETIC MUM WITH HER QUADRIPLEGIC SON AND WHEELCHAIR-BOUND HUSBAND TODAY 18 June 2017 By Bompipi Care (Writer: ,,,,,,,,,,,
Youngest Singaporean on Everest 2X (YES2X 2019),"Hi! I'm Jeremy Tong https://www.facebook.com/jeremytongclimbs aka Singapore Mountain Explorer and to date, I have climbed ",,,,,,,,,,,
Support Joe and his 5 Beautiful Kids (THANK YOU !!!),"THANK YOU EVERYONE !!! YOUR KIND SUPPORT HAS MADE THIS CAMPAIGN TRULY A SUCCESSFUL ONE ! Dear friends!

Despite the end ",,,,,,,,,,,
"Ride 1000km, a Dollar for a Km for Ride for Ration 2020","A Dollar for a KM. Team RfR1K will ride 1000Km each, target to raise a thousand each for those in need. For every dollar ",,,,,,,,,,,
Sustainability @ Edgefield Secondary,"We are a group of Year 3 students from Edgefield Secondary School. As part of our Values-in-Action (VIA) project, we have ",,,,,,,,,,,
For Ella's Future,"For Ella's Future ""“We rise by lifting others.” Robert Ingersoll Michaela Louise Betis known as Ella to her family and school ",,,,,,,,,,,
Help Joslene Fight Serious Eczema,Help My Poor Daughter Fight Serious Eczema My daughter and myself came to Singapore on visiting pass before the Covid last ,,,,,,,,,,,
Help Prombut Seree To Go Home,"Seree, like any other of the foreign workers in Singapore, came to work in our tiny red dot to earn a living, and hoping ",,,,,,,,,,,
Help Merlyn Battle Cancer,"Help Merlyn Fight Cancer Merlyn is a single mother of two, sole breadwinner and domestic worker in Singapore. She is originally ",,,,,,,,,,,
Help Baby Tue Minh Save His Remaining Eye,"Baby Tue Minh is a lovable 3 year old boy, but was born with cataract for both his eyes.

When he was in Vietnam, he had ",,,,,,,,,,,
"Love, Hope & Charity for Joanne & Esmond",Meet Joanne - the lady of the house who hadn’t been able to get a job because of her heart condition so she now tries to ,,,,,,,,,,,
Dollar Match: The Never-Ending Gift,All donations to the Never-Ending Gift Campaign are matched dollar for dollar by the Singapore Government and Tote Board. ,,,,,,,,,,,
JLL Fun Run for Habitat for Humanity,"Thank you for visiting the JLL Fun Run page! Whether you are joining the run or sponsoring the team, the D&I committee appreciates ",,,,,,,,,,,
Supporting Seniors from BCS with Connectivity,"COVID-19 has been really tough on our dear seniors. All activities have been canceled and for their safety, seniors are ",,,,,,,,,,,