Title,Story_Trunc120Char
Help us provide life-changing support to underprivileged children in Nepal,"The Nepal Initiative is a charitable foundation that was established to support education, children’s welfare and sustainable "
Briyani Charity Drive for Muhammadiyah,This fundraising project is organised by Muhammadiyah Association to raise funds to upgrade and repair our facilities at 
#TeamBHP RfR2020,This year marks Ride for Rations (RfR) 10th anniversary and is challenging you once again to help put an end to hunger. 
Help Baby Van Hau For His Hydrocephalus,"Baby Van Hau is only 3.5 months old, and he was born with Hydrocephalus. The parents didn’t know their son was infected "
Aon Supporting #StayStrongIndia,The outbreak of COVID-19 has been dominating news headlines across the world and no doubt has been weighing heavily on many 
Walk for You,"Dear friends,

Do you know Singapore Cancer Society (SCS) provides free transportation for low-income cancer patients between "
Will you please help Nita battle nasal cancer and get a second life for her daughters today?,"Dear Friend and fellow-parent, Please help give me a chance against nasopharyngeal cancer so that I can stay in this world "
Go The Dystance 2020 Fundraiser,"MDAS would like to appeal for your generosity in support of Go The Dystance 2020 Fundraiser; we aim to raise $100,000 which "
Give baby Jayden a fighting chance,Baby Jayden is only 2 years old and is recently diagnosed with high-risk neuroblastoma cancer. I am a personal family friend 
this little thing called love,Baby Bao was diagnosed with Sarcoma Cancer when she was 4 months old. Sarcomas are rare but aggressive tumours arise from 
Please help save this 2-year old girl's remaining eye,Please help save this 2-year old girl's remaining eye She’s only 2 but has endured so much—born with mild autism and severe 
YEN’S FIGHT FOR LIFE,"YEN’S FIGHT FOR LIFE 
#FightWithYen #YensFightForLife #YensLifeMatters Hello everyone!

Earlier this year, our dearest Rheena, "
Help Them Make It Through the Pandemic,"Support Child at Street 11’s e-Flag Day 2021

Child at Street 11 is a registered charity that has been providing
childcare "
Help Baby Girl Giulana Rose,"James and his wife are both S-Pass holders working in Singapore, and they had the joy of their life when they heard they "
Mask of Solidarity - a Medix-Global Initiative,"Thank you for visiting the Mask of Solidarity fundraising page, an initiative conceived and supported by Medix-Global. Mask "
Help my father fight against broken bone and lung infection,Pre-existing condition: My name is Irvan. I grew up in a small family from Indonesia but I am currently pursuing my education 
Ride For Rations 2021: Raising Funds By Raising Our Mileage!,"""What's for breakfast?"" ... is how we greet each other on our regular rides, and we hope to help answer that question for "
Baby Ha Tri Unfortunate Life,"Baby Ha Tri was born on June 2017, together with his twin sister and prematurely on their 27 weeks. For the longest time, "
Let's Fight Cancer With Abhee,"Our Cry for Help: Abheelash, or lovingly called Abhee will be turning 13 years old on 8th March . After scoring 6As in his "
Thai Lakorn SG Beirut Lebanon Relief Fund,"Thank you for visiting our fundraising page! We hope you will support our cause by making a donation!

In collaboration "
Help Us Create the COVID-19 Prevention and Treatment Graphic Novel,"Help us complete the COVID-19 Prevention and Treatment Graphic Novel! On March 27 2020, the United Nations announced a GLOBAL "
Emergency Twin Labour in NYC,"UPDATE AUG 2020

Safely back in Singapore, the boys are well and growing tremendously well thanks to all the experts here "
Help Mdm Loh to ease her burden & suffering - HJ0264,"Mdm Loh, a senior elderly, comes from the forgotten low income cluster of Singapore has been staying alone in a 1 room rental "
Please Save Uncle Brian,"Save my stepdad Dear friends, 

We appeal and seek your help... On 19th August, my stepdad suffered a sudden heart attack "
I CANNOT lose my job. But I must keep sane. Heal our workers-migrants n locals #GreatSingaporeGive,"Our workers need your help!

Join us as we hope to be able to help them with their issues.

We started with a simple reason "
Save My Mother Maria,"My name is Dona, and I’m here in Singapore on long term visit pass with 2 of my children to be with my husband, who is a "
Fighting Against the 2019-nCoV Emergency in China,NUS MBA Student-Led Fundraising Initiative for Fighting Against the 2019-nCoV Situation in China | OUR CAUSE | As NUS MBA 
Help Karen's Father To Go Home,"Karen been working in Singapore since 2007, starting from being a domestic helper till she got married last year to a Singaporean, "
Give baby Manvith V a fighting chance,Please help save a life Help us save a baby's life Name: Manvith Age: 7 months Suffering from severe pneumonia Needs immediate 
Our Baby Warrior Now A Baby ANGEL ??,"I Am Tyler, a 4 months happy baby boy. At the age of 3 months, I started to feel sick  and having seizures. My mom who was "
COMPASSION 2021 RAMADAN CAMPAIGN - FUND A FAMILY A FEAST,"Ramadan - the month of forgiveness, fasting and prayers is coming soon this 13th of April 2021. What better way to welcome "
"Please help my 67 y/o mother, who only has a 50-50 chance of living, to be able to spend time with her grandchildren again","Dear Friend, If you're a fellow mother or grandmother, please do read on and consider helping us... My name is Emie, and "
Give Thea a fighting chance against Cancer,"Mathea Shien Gazzingan, aka ""Thea"" by her friends and family, is a cheerful and full-of-hope 8-year old girl from Quezon "
MDAS Flag Day 2019,MDAS is holding our annual Flag Day on 27th April 2019. We need your help! Please donate generously. Every dollar will go 
We The Good - in support of AWWA,"We The Good - We support those doing the good work where it really counts, bringing the most crucial fundraising initiative "
Pushing limits: Dr William Wan's 73rd birthday push-ups for social good,"While keeping active at home during the circuit breaker period, Dr William Wan challenged his followers to commit to 5 push-ups "
Baby Dinh Kien Need Your Help,"??k L?k is a province of Vietnam. It is located in Vietnam's Central Highlands, and is home to quite a few indigenous ethnic "
Reaching the peak for the less privileged,"My name is Arfan Faisal and I am a 21 year old national cyclist.

I'll be the first to admit that I have been more privileged "
Help Save #BraveSaab's Transplanted Liver,Saab was diagnosed with Chronic Liver Disease (CLD) secondary to Caroli's Disease on March 2018. With the kindness and generosity 
Rohingya Refugee Food Aid,"We are a Registered Charity in Singapore that run campaigns involving Food security. From providing FREE Halal Meals, to "
India COVID-19 Response (Urgently Needed - Medical Equipment & Supplies) #staystrongindia,(Notes: Donations to overseas efforts are non-tax deductible. All funds raised will go towards the India COVID19 Response 
Fight On With Gabriel,"My only 8 years old son, Gabriel Vincent Sabedra, an 8 yr old boy was diagnosed with a malignant brain tumor (Medulloblastoma). "
Help Juanita Battle Breast Cancer,"Dear Donors,I am writing this letter with great hope in my heart.  My name is Juanita R. Sayo, an OFW in Singapore. I was "
Southeast Asia Floods 2020,"Singapore Red Cross to launch public appeal, send humanitarian aid to affected communities (Dear Friend, please note that "
Run for Funds,"Two years ago, I did my first fund-raising run to raise funds for a school building project. Many generous friends contributed "
Saving Sasha,"For those working or schooling at Admiralty Secondary or living near Crescent Park, Sasha the kitty will be a familiar sight "
Project R.I.C.E.+ 2021,Be the one to gift vulnerable families essential bundle sets! Your pledged amount will be used to purchase bundle sets consisting 
Help Cassie Fight Stage 4 Neuroblastoma Cancer,Cassie was a joyful 3 year old toddler with full of life and energy until she was hit with a severe case of Stage 4 Neuroblastoma 
"Urgent help for my uncle, Colon Cancer Stage 3","As cancer cells started to spread, and my uncle does not know how long he can live, My uncle, Mr Tan Boon Teck, youngest "
Path of Compassion - Virtual Run,Support our race participants and beneficiaries as they walk and run to raise funds for the low-income and disadvantaged 
Decade for Decisive Action: Help Advocate Business towards a Sustainable Future through GCNS Summit,"We believe that everyone has a little spark of motivation to save the world, especially in the face of world-changing objectives "
Raise fund for school destroyed by Typhoon in Philipines,"Hi, I am Thagarajan Seenivasagam, I am Singaporean working with the Urban Redevelopment Authority for the past 16 years. "
Help Ahmad (4) Get Heart Surgery,Ahmad is suffering from heart disease and is also abandoned by his parents. Ahmad's mother left him in an empty house when 
Save My Daughter Nabila,"My daughter, Nabila, is 5 years old and she’s suffering from Biliary Artesia. Biliary atresia is a disease of the bile ducts "
Grateful Hearts 2020,"Grateful Hearts 2020 As part of the Grateful Hearts 2020, the Singapore Red Cross (SRC) will be organising a  fundraiser "
Ride for Aidha 2020 - Give the gift of education,"For six years we’ve set the Aidha community an exciting annual challenge – to get on their bikes and #RideForAidha. Partners, "
My name is Sijia and I’m born premature,"Hi there, My name is Huang Sijia, and I was born on 7th July 2017, prematurely at 25 weeks. My birth was quite complicated, "
Help Nickson to fight Leukaemia,"My name is Nickson, and this is my story. Just like any teenager, I am an active 15 years old boy, with my bright future "
Greatness in Giving,"Celebrating the holiday season with the joy of giving.

The Great Room is coming together with all its members and community "
ACRES Charity Gala,Thank you to each and everyone of you who donated and purchased a ticket/s. TICKETS HAVE BEEN SOLD OUT. Please consider 
"""Fight with warrior MABLE ZANE""","Meet my warrior MABLE Mable Zane was born on May 9, 2017 and was then intubated for 10 days due to Lack of Oxygen diagnosed "
Keep Our Addiction Recovery Centre Running!,The Greenhouse is a substance addiction recovery centre for marginalised communities that find it hard to seek help out 
Will you help Anna on her 3rd battle against Leukemia?,"""Will you give me another chance to live?""                -Anna Anna is a fighter since Day 1, She is fighting for herself, "
Solidarity Gift for SG Livelihoods Fund by Darren Tan #WeGiveInSolidarity,"Dear friends,

For many Singaporeans $600 may not mean much – a week or two’s worth GrabFood deliveries from your favourite "
Save the Orphan Baby Kittens - 100 Days of Hope 2018,"Over the next 100 days or so, we will be working really hard to raise $1 million for a down payment of a permanent home "
Build a Home in a Home,"MWS Bethany Nursing Home was built more than 15 years ago. It's dated design is a reflection of the era where housing elderly, "
KDS COVID-19 LANGGAR OUTREACH -- FREE HEARTY VEGETARIAN MEALS FOR THE NEEDY,"""We are all facing the same storm, but in different ships."" We've heard this phrase time and time again throughout this "
Save The Orphan Baby Kittens,"The Cat Museum Singapore, a non profit run by volunteers, started rescuing cats and kittens since end 2014, finding good "
The Gift - A fundraising concert in support of Community Chest Singapore,"Feed To Care is proud to announce The Gift, a fundraising concert organised in support of Community Chest Singapore. The "
The Glasshouse,"The Glasshouse is a virtual creative sphere created by our internationally-acclaimed musicians, our brilliant illustrators "
Viking Scouts in Support of Run it Forward,"As scouts, we have pledged to serve others. As a parent-run open scout group, we want our scouts to grow up as active members "
Crisis Myanmar - Help the Hungry,"Help to Buy Rice and Basic Cooking Necessitates Food Distribution at Yatha Village, Mingyan Township on 9th June 2021- 650 "
Season of HOPE and Giving,"The best gift this season is your gift of heart and time.

The festive season is a time of celebration and gift giving with "
Help Madam Tieng Fight Stomach Cancer,"Madam Tieng is 69 years old this year, and she’s from Cambodia. Despite Covid, she was living a happy life till cancer struck "
save my wife life from cancer,"I am confused, desperate and lost. I really don’t know what to do. I am still silently crying out loud - won’t anyone help "
"Will you help raise funds for Rocco, Harlow, Pixie, Gustav & friends' medical bills today?","Will you please help us raise funds for stray cats' medical bills for the next 10 months, so that they can get better? Vet "
Climbing Mt. Kinabalu to Add Life to Seriously ill Children's Remaining Days,"On 18th September, I will be making my first climb of Mt. Kinabalu in Sabah, Malaysia. I am dedicating this climb to Rachel "
An Everlasting Love Story,"When my wife and I took our marriage vows 1 year ago, we promised to to take care of each other from that day forward, to "
We The Good - in support of Hope Initiative Alliance,"We The Good - We support those doing the good work where it really counts, bringing the most crucial fundraising initiative "
Please help my mum for her ovarian cancer,"My mum move to Singapore from India to stay with me 10 years ago, and had been holding a Long Term Visit Pass, providing "
Saving Ngon from Acute Myeloid Leukemia,Ngon is a bright 14 year-old boy before he was diagnosed with AML and is currently seeking treatment at Raffles Hospital 
#CollectiveAction: Beyond's Youth United Programme,This campaign is in collaboration with Schroders Singapore #Collective Action Campaign and Beyond Social Services to support 
“15km for 15 days for Decent Homes”,"Thank you for visiting my fundraising page! I hope you will support me in my cause by making a donation.

Donating is really "
Help Patrice Fight Sarcoma,"Patrice is like any 12 years old girl, living a simple life in Surabaya, attending school and her CCA, until her leg felt "
Help Florentina to Live On & Reunite with her Family,"Florentina (Tina) is a diligent domestic helper who has been taking care of my family since August 2012, just 2 weeks before "
"Raising funds for my Dad, Ananthram's medical bills","My name is Aravind Bettadapur, son of Ananthram Bettadapur. I am a Permanent Resident residing in Singapore with my Wife "
Give Tai Hope To Live,"Nguyen Viet Tai is a curious, active 11 year old boy, he lead a simple life with his parents in Hanoi, go to school everyday, "
Urgent Donation Request for Selva Home For The Special One,"Dear donors, Will you help The Selva Home to raise fund for many unwanted handicapped orphans during this difficult time? "
Donate a meal today! (activpayroll x FFFA),"As the year comes to a close, the team at activpayroll gives back to the community in celebration of the spirit of giving."
Support the communities affected by second wave of COVID in India,"In wake of the current health crisis, the needs of the affected population have widened and increased manifold. The immediate "
Helping Singapore's Cardboard Collectors,HAPPY PEOPLE HELPING PEOPLE (HPHP) Happy People Helping People is a not-for-profit foundation run by a collective of like-minded 
6 Months Infant With Hydrocephalus,"Baby Minh Hoang is only 6 months old, and the poor boy had contracted Hydrocephalus. Hydrocephalus is a condition in which "
Support Troubled Youths & Families,"Life Transfiguration Program (LTP) 

Beneficiaries (Public / Low/ Pro-Bono):
Youth with Pending Criminal Cases with poor "
NUS Faculty of Business Flag,"Thank you for visiting our fundraising page! We hope you will support us in our cause by making a donation.

Donating is "
"I love you, mum!","Voices of our heroes of the handcrafted flowers. Handicraft flowers at the Charity - MINDS, METTA, AWWA  We are planning "
"Our vision is to eliminate poverty through education, one student at a time.",Akaraka Ltd is a non-profit organization that is helping underprivileged young adults who are the best and brightest to 
Give Lewis A Chance to Live,"Lewis was a bubbly 8 years old boy from Indonesia who used to be a happy and cheerful kid, until a few weeks ago when he "
REACH Charity Run 2021 - Mission: MOVEleur,"REACH Charity Run 2021: Power UP! 50,000 KM Challenge is a virtual charity run/walk to help raise funds for REACH Community "
Bro Roger's Journey with Boys' Town,"I am a Brother of the Montfort Brothers of St. Gabriel. I came to Boys' Town (BT) in 1953, and have been in Spore for 68 "
Please help my friend's brother fight for his life from ICU to recovery,"Dear Friend, Will you please help to fund Reymark's urgent operation today? I am helping my best friend, Lovely's, family "
Say NO to #5133,"Decisions, decisions, decisions - what to eat and where to eat for our next meal can be a daunting challenge for some. For "
Project Guardian,Project Guardian is a student-initiated project which organises activities to engage dyslexic children and raise awareness 
Dawnminators Funds,Dawnminators collective spirit and efforts for #SGPAYSITFORWARD Redefining the purpose of a FanClub. Because together as 
Mom was gone. My husband may leave me soon too.,"Mom was gone. My husband may leave me soon too. Hello everyone! 
I am a mother of three little children, also a daughter "
CareBio Radiance in Life for Survivors,Attractive Gifts of exquisite handicraft and exlusive Tupperware hampers for all donors! We are committed to the fight against 
Help Phoenix Walk Again!,HELP PHOENIX WALK AGAIN! Three-year-old Phoenix has spent his life so far in a wheelchair. With promising signs of improvement 
Help the Homeless of Singapore,Why we started and what is the issue? We started Homeless Hearts of Singapore back in Jul 2014 to befriend the homeless 
[Lions Befriending Walk 2019] Sponsor a senior at $50,"Lions Befrienders (LB) will be holding its Lions Befriending Walk 2019 in support of our beneficiaries, the lonely and vulnerable "
"This Christmas, Donate SGD30 to get a CUTE Cat Portrait! ????",Christmas is the season of GIVING! Donate SGD30 and get an exclusively drawn portrait of your cat! ?? At Project LUNI Foundation 
"I Want To Live, Please Help Me!",Most of you might have read my story recently on the news about being ill-treated by my domestic helper that left a suction 
Taal Volcano Eruption Response,"[Taal Volcano Eruption] Singapore Red Cross launches public appeal; sends aid to affected communities (Dear Friend, please "
Disability is not an inability - Support people with disabilities today!,SPD is a local charity set up to help people with disabilities of all ages to maximise their potential and integrate them 
Supporting Migrant Workers in Factory Converted Dormitories,"Where will the funds go to Migrant workers now account for most of the new COVID-19 cases in Singapore. On the 13th of April, "
Help Baby Faith fight through her premature birth,We are migrant parents (Indian-Filipino) to our premature first baby born unexpectedly at 27 weeks in Singapore due to placenta 
Please help Razzel Grace,This is our helper Razzel Grace known to us as 'Yeye'. She has been working with us in Singapore for 3.5 years & is just 
Australian Alumni Singapore (AAS) Support For Australia,Australia has seen devastating bush fires in the last few months. Australian alumni in Singapore deeply feels for the land 
Please purchase our fundraiser and lend a helping hand to our beneficiaries!,Our fundraising event is aimed towards 2 things: To gather funds for our single mothers and low-income families. SHG also 
Help ?? raise money for ???,"Thank you for visiting my fundraising page! I hope you will support me in my cause by making a donation.

Donating is really "
Save Baby An Bao,The mother had been carrying twins for up to 6 months when the doctor's ultrasound revealed that one of the two children 
Yuogan's Story,My name is Vasuthan Yuogan and I’m born deaf. I’m 21 years old this year. My mother passed away in a tragic car accident 
Medical expenses for cerebral hemorrhage treatment,Medical certificate with diagnosis from Anxi Country Hospital. Help Mr Lin Wen Cong and his family with medical expenses 
One More Breath for Myanmar,"GIVE MYANMAR A CHANCE TO BREATHE ""Remember when people used to say that the only thing free in life is air?"" The expected "
Please help my premature baby Aeva save her eyesight and with her medical bills,"Dear friend and kind soul, Please help my premature Baby Aeva... My name is Rose, I am the mother of Shaneia Aeva, my prematurely "
Help Hubei Hospitals Fight Coronavirus in China,"Global law firm DLA Piper has seven offices throughout Asia. Over the past few weeks, we have been working to support local "
This 10-year-old boy needs your help to survive,"""Binh Minh is a wonderful boy from a lovely family. Despite the intensive chemotherapy, he is always happy and cheerful, "
Carry Hope Fundraiser 2021,"Hi everyone! My name is ""Hope"", Rare Disorders Society Singapore (RDSS) newly appointed mascot for our latest fundraising "
Support them with some kindness #covid19 #SGUNITED,"WE WANT TO GIVE THEM HOPE AND FAITH! Ever since this breakout, we are receiving many more requests for the Kindness pack "
Help Elderly widow operating cow farm for family from abusive man,I am doing this for a poor family in Thailand (Saraburi). My friend whom her mother is an elderly widow has been operating 
Help Rajagopala Fight Leukemia With A Bone Marrow Transplant,"I am Dr. Akshay Bhat, Ph.D. (Cancer Biology) from the National University of Singapore. I have been studying cancers for "
Black Sheep & Tabitha 2020,"The Black Sheep Every year BBH Singapore like to do something different, do some good, and help some people. Once again "
YOU x Liyana Dhamirah for the Marginalised in Singapore,"By now, many people think that being homeless was my rock bottom. It wasn’t. My impetus was when one day, after finally "
"Sulawesi - We Care, The Gift of Meals",Thank you for visiting my fundraising page! I hope you will support me in my cause by making a donation. Donating is really 
Help Devy With Her Stem Cell Transplant,"Devy was diagnosed with HLH Lymphoma Stage 4B in February 2018, and was cleared by the doctors then after her treatment "
give Frengky a chance!,"My name is Frengky, 43 years old. I want to raise funds for my treatment. Because I am unable to further fund my treatment, "
Q4 2021 Fund Raising & Virtual Walk-a-wheelathon,"With the COVID-19 pandemic, while we could not walk together in person this year - we can still walk together in heart & "
Help My Dad Fight Heart Failure,"Help My Dad Fight Heart Failure Sunday 7pm 14 June 2020

Thank you all so much for your loving support, it's been a difficult "
Ever had vision and may not see in the future....,Overview A Christmas Day born child named Siwakon Phochaweng of age 10 years old had got into an unfortunate accident on 
HELPING HANDS 2.0,"HELPING ONE PERSON MIGHT NOT CHANGE THE WHOLE WORLD,BUT IT COULD WOLRD CHANGE FOR ONE PERSON.

ARE YOU READY TO CHANGE ,GIVE "
Uplift the Lives of 100 Vulnerable Families this Hari Raya!,Gift a green packet to put food on the table for vulnerable families we serve this Ramadan! Your contribution will go a 
Project Blue Star Raises Funds in Aid of Red Cross Home for the Disabled,"Dear Friends, Warm greetings from the Organising Committee of Project Blue Star. Project Blue Star, a Charity Project initiated "
Take my solidarity payment. Others need it more #wegiveinsolidarity,"Background After the Solidarity Budget announcement, the wife and I looked at each other and said ""We don't need it, others "
"""Help Nayya to Fight Blood Cancer""","Dear Good people, My name is Arief Cahyanto and I am working as a lecturer in a state owned university in Bandung, Indonesia. "
Help Myanmar Breathe.,"The People of Myanmar need your help, every cent counts. Every donation gives them another shot at survival.  ""It staggers "
"Funds for Kumarasamy Natrajan’s family, sudden victim to heart attack",Dhanapakkiam and her three children had a video call with Natarajan on the night of 2nd February. It was a regular call. 
Save the heart of baby Khayden,"My daughter Luxley Khayden was diagnosed with Congenital Heart Disease(CHD), Ventricular Septal Defect(VSD), Patent Ductus "
Support Boccia Para Athletes,"Hi my name is Yurnita, coach for para sports named Boccia, a precision ball sport played by persons with physical disabilities. "
Credit Suisse - Race Against Cancer 2019,Credit Suisse staff fundraising page for Race Against Cancer 2019
Help Children Thrive and Grow! #CanossavilleDigitalFund,"Your GIFT creates REAL Impact!

Meet Rebecca (not her real name), one of the many students who benefit from the services "
Send Love to Philippines,"Super Typhoon Goni, the world’s strongest storm of the year 2020, had made a landfall in the Philippines on 1 November. "
Help Sonia beat leukemia,"If you were a parent, what would you do to give your child a chance at a longer life?

Unfortunately, this is a question "
Give Yang Yang a Second Chance,"A Second Chance for Yang Yang

In November 2020, we welcomed a very sweet but horribly malnourished dog to our shelter. "
#SGBeyondBorders - Support struggling families impacted by COVID-19 for the cost of a bubble tea.,"WHAT IS THIS ABOUT? The COVID-19 crisis has shook the global tourism industry at its core, causing thousands to lose their "
Save 7 year old grandson Andrew,Please continue to pray for Andrew and continue to help him.He is still doing his routine chemotherapy for maintenance while 
Shattered Dreams,"Everyone of us has dreams and aspirations, but my life ended when I was diagnosed with Multiple Sclerosis since 2005, which "
Help Mazno's fight against lymphoma cancer,"Help Mazno in his fight against lymphoma cancer Mazno, a Bangladeshi worker who has been diagnosed with Stage IV Burkitt's "
One Dollar Only supports The Reason We Smile - Children Need You,"Children are the reason many of us smile: when we see the wonder in their eyes, and how small and simple things can bring "
Help My Premature Baby Arishan,"Help our son, Baby Arishan and bring him home My name is Ayilan Nalliah. I am a Sri Lankan citizen who has been living and "
Beyond Limits 2: Frozen Edition,"Beyond Limits: Frozen Edition | In Support of Singapore Cancer Society | 8th - 19th December 2019

We have taken on the "
SBFC E-Flag Day 2021,Why we raise fund? SBFC's annual Flag Day has been a vital fundraising event to raise funds to sustain our operation. COVID-19 
Please help a 2 years kid to fight against Cancer,"Dear Friends and Well-wishers, I am writing this appeal letter on behalf of my son, Muhaiminul Haque, who has been diagnosed "
Buy a $3 meal for needy elderly,"Everything that is done in this world is done by hope.

Hi everyone! We hope to seek your support and donations for Hopes "
Bring my dad home,Hello eveyone.. My DAd is diagnosed with Brain Hemorrhage.. Leaving him to be in coma condition. He is on currently at Bed 
MDAS 20th Anniversary Charity Virtual Gala,"This year, the Muscular Dystrophy Association (Singapore), MDAS in short, is commemorating our 20th Anniversary. From our "
"ChariTrees 2021 in support of SOS, #ENGAGE & SOTA Endowment Fund","The on-going pandemic continues to impact the lives of our vulnerable communities. In response, ChariTrees fundraiser will "
My Father's Healing journey,"Helping My Father on his Healing Journey. My name is Raymond Valdez, the only son of Rosendo B. Valdez, and I am making "
,"Please support our premature baby I am Priyanka, from India and living in Singapore for the past 10 years. I was pregnant "
"Stories from the Heart, MDAS Charity Luncheon 2019",MDAS Welcomes you to Stories from the Heart Charity Luncheon 2019! Join us for an afternoon of enriching storytelling and 
The Parent Retreat for Club Rainbow,The Parent Retreat is a free activity book available for download from www.theparentretreat.com. It aims to prompt mindful 
DM: Support us in our fight against cancer,"“I can no longer speak properly or eat solid foods after undergoing 5 operations and removing my tongue”
-	Mr Tay Jim Hua, "
Please help save 14 y/o Josef from brain abscess,"Dear kind person,

My 14-year-old brother, Josef, was brought to the hospital on November 3 due to severe headache, nausea, "
A Journey of Bliss  - Wui Chiu Fui Kun 197th Anniversary Charity Concert 2019 for Singapore Red Cross Society,"ATTENTION: We are accepting donations for the Charity Concert 2019, and tickets are subject to availability as of 2 April "
Help Mildred with her medical bills,"Mildred needs your help Mildred came to Singapore to work 11 years ago, so as to support her family in the Philippines and "
Help Uncle Muhamadsjah To Recover,"Uncle Muhamadsjah has only one daughter, Yani, and she’s based in Singapore while he’s in Batam Indonesia.

He came to visit "
Save Niall from Cancer and help him to fight Autism,"Our son, Niall, is 2.5-year old and suffering from Autism. We have spent all our savings on his autism therapy until our "
VCA - raising funds for Sulawesi Earthquake,Thank you for visiting our fundraising page and supporting this cause by making a donation. Donating is really simple and 
(GM) Will You Help To Make a Difference In Their Lives?,"Dear Donor,

This year has been difficult with the world affected by Covid-19. In Singapore, vulnerable individuals and "
Help Emelyn Tagarda Gambito,"Emelyn comes from a small province of Guimaras, Philippines.  She is 32 years and she is a single parent with 4 children "
Help us bring our dad home,please help us bring our dad back home. We owe the hospital and we need to pay the rest of the sum to be able to bring our 
Help my father for his medical treatment,"Help Poh for medical treatment ?
Last Wednesday my father fainted and had stroke while he having breakfast at home. His "
A Mother’s Endless Love,"A mother’s love is endless and knows no bounds. She is willing to sacrifice everything for her child, even at the expense "
Save Kasandra,"Kasandra is 20 years old this year, and she looks like any ordinary teenager, but life is not always been a bed of roses "
Help to save Aahna from Lung Cancer,"**Final update for this campaign as at 01 June 2017: With a very heavy heart, I would like to inform you all that we have "
Free Food Fridays - In Aid of Rohingya Refugees,"Free Food Fridays is a campaign to provide warm nutritious meals to about 250 vulnerable refugees that are elderlies, widows "
'Give Louis Hope',"Hello everyone! My name is Lissa Irlandez. On behalf of my husband Louis, I’d like to reach out to your kind heart for donations. "
Help this family rebuild their lives,"Mr Shaikhan is a humble, hardworking man whose joy in life is to provide everything his family needs. He and his wife, together "
Please help our domestic helper Jovelyn to fight against cancer,"We are raising funds for our domestic helper Jovelyn who was diagnosed last month with an aggressive stage 3 Lymphoma, a "
"Deepening Roots, Sowing Seeds: 21st Anniversary Fundraiser","21 years is an age of new maturity, when we strengthen the core of our identity and mission while also building on those "
Decade for Decisive Action: Help Build A Sustainable Business Ecosystem Through Our Apex Awards,"With less than a decade to achieve the Sustainable Development Goals (SDGs) - a shared blueprint to end poverty, rescue "
LEX'MAS Art Sale - #09 Kampung Memories SGD100,"LEX'MAS Art Sale - #9 Kampung Memories
Price: $100.00 ((Please enter donation amount of at least $100 to purchase this painting)
Medium "
Save our daughter Saanvi from Blood Cancer,My daughter 5-year-old girl Saanvi fighting for life after she was confirmed by Acute Lymphoblastic Leukemia (Blood Cancer). 
You Can Make Miracles Happen!,"Dear Friend, You Can Make Miracles Happen! As we approach the year-end holiday season, have you thought of how you could "
Give baby alexis a new heart,Save alexis heart
Help Subhash And His Family,"Subhash work as an engineer in Singapore for many years, leaving his wife and 4 year old boy in India, where he usually "
Workout Warriors for Migrant Workers NGOs (2021),"“As long as poverty, injustice and gross inequality persist in our world, none of us can truly rest.” Nelson Mandela

Do "
FUND RAISING Music China Expo Oct 2018,"From year 2009 to 2014, I have began a transition journey that I have least expected; becoming a Guitar Maker. Browsing "
Give Hope To Trong Khanh,"Trong Khanh was an active young man, attending 2nd year University in Ho Chi Minh, and lead an active lifestyle playing "
Help Christine To Keep The Roof Over Her Head,As per request from Christine to blurred off her face due to her medical conditions. Christine is appealing for your help 
Help Pumpkin Fight Rare Disease,"My son is Huynh Nhat Anh (Pumpkin), born in 2016, at Binh Duong, Vietnam, he suffers from a serious disease known as Hemophagocytic "
Help Baby Le Bao An,"Baby Le Bao An is 14 months and had never been home since birth. She’s born premature at 30 weeks, and weigh normal at 1.5kg, "
Save Myanmar Lives,"We can’t breathe… 10 MINUTES. That is approximately the amount of time taken for us, humans, without oxygen to die. It takes "
,
,
"Please Give 4years old boy, Jayden a chance to rebirth","My name is Carol Chan, I'm the mother of Jayden Yew Zi Biin - a 4 year old kid who got diagnosed with JMML PTPN11 (Juvenile "
Help Juliet Sumodio,"Beautiful loving Juliet- mother, daughter, sister, friend, aunty Juliet came to Singapore for work, to create a better life "
Join us in raising funds for Habitat for Humanity Singapore!,"""I was getting bitten by bed bugs for all 83 years of my life, from the day I was born until now."" This is Uncle Chong and "
Give Xuan Phu A Second Chance,"Xuan Phu was diagnosed with Wiskott - Aldrich, a rare disease related to gene. 

Wiskott–Aldrich syndrome (WAS) is a rare "
KDF Millennium Ride 2019,"KDF Fund-Rider (/ke? di ?f 'f?ndr??d?/) Noun A person whose job or task is to: 1. Seek financial resources from friends, "
Our unsung heroes in Covid-19: Support Homage nurses and caregivers on the frontline,"Homage’s (https://www.homage.sg) mission has always been to bring wellness and recovery to seniors, adults and youth requiring "
Kidney Dialysis Foundation (KDF) Charity Ride 2019 - JK,"On 10th-14th January 2019, I will be one of the fund-riders embarking on the 6th KDF Millennium Ride, an annual endurance "
Indonesia Tsunami 2018 - Sunda Strait disaster,"Sunda Straits Tsunami Singapore Red Cross launches public fundraising appeal, Advance Team arrives in Banten for assessment "
Singapore Junior Indoor Cricketers need your support!,"After months of trials & selection by SCA (Singapore Cricket Association) and intense preparation, which included a recent "
Care Packages and Community Support for Migrant Workers,We at CHANGE are looking to help meet some of the most urgent needs within the community. One such need is that of one of 
Plenteous Love: Virtual Charity Concert 2021,"The Singapore Red Cross (SRC) would like to extend a special invitation to you, your family and friends to join us at our "
Raise Fund for Mery's Cancer Treatment,"Mery Juana, an Indonesian from Batam has been working in Singapore as a Site Admin in GL Engineering & Construction Pte "
Help feed the underprivileged!,"Can you remember the last time you were hungry? For a foodie like me, who is hungry all the time, eating is almost like "
"Abandoned by her parents, Liling won't get the chance to fight for her life. Unless we all help her now.","Her parents abandoned her, but we won't. Let's get liling the life she deserves ! Liling (??) is my housemate in Chengdu, "
Immersive art experience in Jalan Besar,Jalan Besar after dark: A night walk and immersive art experience Kiran is a young and idealistic cinema projectionist who 
Education To Support my family and myself,Your family or your future? This is the hard choice Jia Wen has to make. Jia Wen is the youngest child in her family. She 
ASMI Migrant Mental Health Awareness 2021,"Dear Donors, Will you make a donation and support ASMI Migrant Workers Mental Health Challenge 2021? During these challenging "
Save Rayyan With Spinal Muscular Atrophy,"HOPE FOR BABY RAYYAN HOPE. It may seem such a simple word, but for baby Rayyan's mummy and family, HOPE is what they are "
Atarah’s Miracle,I am a friend of Baby Atarah’s parents & we want to help the family raise fund for Atarah’s specialized care at NUH NICU. 
72km C2C Trail Wheelchair Trek Across Singapore For Charity,"72km Coast-to-Coast Trail (there and back) Wheelchair Trek Across Singapore For Charity

Hi, I'm Scott! I'm currently 29 "
We The Good - in support of #WeCareSG movement and SCC,"We The Good - We support those doing the good work where it really counts, bringing the most crucial fundraising initiative "
Help Baby Adiva get a New Liver,"My name is Yunita, I'm a working mother of Adiva Savina (2yr) residing in Palembang, Indonesia.

My ordeal started in Mid "
Help Fund University Studies In Musical Theatre,*UPDATE FROM FEBRUARY 2021 AMDA has contacted me with new scholarship opportunities! The admissions team reviewed my audition 
You can make a difference this Season (Campaign Ended),We regret to announce the passing of our beneficiary Mr Lim. Singapore Cancer Society would like to express our appreciation 
Give vulnerable Singaporeans the gift of a safe #HomeThisChristmas,"At Christmas, all roads lead home. Give our vulnerable elderly & low-income families the gift of a safe #HomeThisChristmas. "
You’ll Never Walk Alone by Official Liverpool Supporters Club (Singapore & Singapore East) #YNWAbyComChest,"Official Liverpool Supporters Club - Singapore and Singapore East ""You'll Never Walk Alone"" has become the unofficial anthem "
Save Blessings Medical Fund,"Charming and Calvary need your help to fight canine cancer. Both our beloved dogs are diagnosed with aggressive oral melanoma.

Some "
COCHLEAR IMPLANTS FOR FEBRI,"Help Febri Suryadi get Cochlear Implants for Sudden Deafness To #AGoodPeople

My name is Febri Suryadi, I am 33 years old. "
Support Troubled Youths & Families,"Life Transfiguration Program (LTP) 

Beneficiaries (Public / Low/ Pro-Bono):
Youth with Pending Criminal Cases with poor "
Urgent Help For Jesty's Medical Treatment,"Dear Donors, Jesty is a 9-year old girl from Indonesia Batam, suffering from serious cancerous tumor. (Please refer to the "
Fundraising Appeal for Leukaemia Treatment & Transplant,"I am appealing for your help. I have recently been diagnosed with Acute Myeloid Leukaemia (AML), an aggressive form of leukaemia. "
"[Urgently Needed] $10,000 for 1,000 Meals To Feed Low-Income Families","Dear Friend Will you donate $10 for one meal today? We have over 1,000 residents from over 470 households whom we would "
Sharing the Joy this Festive Season with Royal Plaza on Scotts x Community Chest,"This festive season, Royal Plaza on Scotts would like to garner support to seniors and families in need, persons with disabilities "
Singapore Cancer Society - TalkMed Relay For Life 2020,"Singapore Cancer Society - TalkMed Relay For Life 2020 Relay For Life (RFL) 2020 Cancelled

At Singapore Cancer Society, "
Project Love: Building a sanctuary for children with cancer,We intend to turn our centre at Blk 2 Eunos Crescent to a children daycare sanctuary. It will be a haven for children who 
Help Bren Amaris Luces,"I'm a Little warrior ""With God all things are possible"" -Matthew 19:26 Hi I'm Baby boy Bren Amaris, my mom said that I'm "
Help Us Empower Youths to Take Decisive Action for a Sustainable Future By Swapping a Coffee!,"At GCNS, we believe in nurturing future business leaders to co-create a better world: through learning, volunteer and career "
Trend Micro Raises Funds For Laos,"Dear Trenders, On July 24, 2018, a dam collapsed in the Attapeu Province, Laos, killing hundreds while thousands are still "
HELP MOM HANH FIGHT CANCER,"Dear friends, I’m Jerry, a 27-year-old Vietnamese boy working in Singapore all my life. I graduated from NUS here and had "
Flag Day 2021 – Go The Dystance with MDAS!,"It has been over a year since COVID-19 swept the world into a pandemic. It’s hard to not miss how things were, but life "
Let's support the nations in their fight against COVID-19!,Nations United Against COVID-19! The nations need your support! We are all fighting our own battle with COVID-19 and we 
Help our domestic helper Dahlia to fight her breast cancer,"How it begins Dear family, friends and well-wishers, Our first child was due on end of 2010. Like any anxious parents, we "
Help Grace Nicole For Her Leukemia,"Just like any normal 8 years old girl, Grace Nicole goes to school in Indonesia, dutifully does her school work, and do "
Donate to fund the ACRES Wildlife Rescue efforts,"[Reptile Awareness Day] 21 October 2019 Equatorial spitting cobra As a tropical country, we are home to a wide variety of "
"""Abdelrahman is a child fighting Autism, give him a hand""","Give Abdelrahman a hand. My name is Ibrahim Almadhoun, the specialist in occupational therapy who will lead the treatment "
Give baby Mikma a fighting chance,"Give Baby Mikma a Fighting Chance! Dear Donors, Baby Mikma Chippa Bhote has liver failure and needs to have the transplant "
REACH Charity Run 2021 - Choon Lee Liew,"I just signed up for REACH Charity Run 2021, embarking on a journey to support the youth served by REACH Community Services. "
Raising Fund for My Dad's Medical Bill,"I am a single mom of 2 children aged (10 & 4). I am a Singapore PR citizen, while my elder son is a PR citizen & my younger "
Please Help My Father Mr Wan Chin Hay,"My name is Rachel and I would like to seek help on behalf of my father, Mr Wan Chin Hay. I am trying to raise funds for "
Help Madam Chea Phon And The Family,"Eric is the only son in his family of 3. The family stays in a subsidised HDB Flat. His father, Mr Heng, had stroke while "
Save-a-Dog Medical Fundraiser (Dollar-for-Dollar Matching Grant),"Help us raise much-needed medical funds for the neglected and forgotten street dogs of Singapore.

According to estimates, "
Please Help ARTZEL to fight severe communicating hydrocephalus with post infection and tuberculosis meningitis,"Hello, my dear sisters and brothers by heart. A sweet and adorable 1 year and 7month baby named  Artzel Arcenas from the "
Please Help Save Jeany Garcia From Stage 3 Breast Cancer,"Hi friend,

Thank you for visiting my campaign. My name is Jeany De Sagun Garcia 39 years old from Banyaga Batangas Philippines. "
#WeGiveInSolidarity to Enable Women to Power Up Online,"Sponsor a woman to upskill in these challenging times so she can provide for herself and her family.

In the last two months, "
[COVID-19] Solidarity +62 Relief Fund,SOLIDARITY (+62) RELIEF FUND: Help us get critical supplies of personal protective equipment to healthcare frontliners treating 
Save Baby Umair,"Baby Umair was born on 28 May 2018 under C section, and had been inside ICU ever since. When Baby Umair was born, the doctor "
"Prasanth Ganesan; words left unsaid, things left undone","He always had a smile on his face. He had a kind demeanor, was well-liked by his friends, colleagues and supervisors. He "
Help Fendy Beat Rare Disease,"Fendy, 34 years old this year, and his wife Fannie, came from the average income family in Jakarta, Indonesia. It all started "
Save 12 Year Old Boy Cheng Fong,"Cheng Fong is an active boy who stands at 1.6 meters at the age of 12, and his favorite game is playing basketball. In early "
Give Remy A Chance To Recover,Our 49-year-old dear helper Remy has been with our family for almost 3 years.  She is much loved and has been looking after 
Help Febryanti Fight Leukemia,"As a mother, time spent with your first baby should be one of the most joyful and precious moments in your life. However, "
A Mindful Thought for our Children,"Morphing Mind will be holding its ""Mindfulness and You"" summit this December, which is centred at Mindfulness, being Mindful, "
NUS RC4 Flag,"Circuit Breaker (Lockdown) period has seen a 22% increase in Domestic Violence Cases As a result of Covid-19, governments "
Help save my sister Karissa from lymphoma cancer,Karissa Blanche Sauva She is a 23-year-old girl with full of dreams with her life ahead of her. She had been working for 
We Give in Solidarity #wegiveinsolidarity,"We Give in Solidarity On the 6th of April 2020, DPM Heng announced that every Singaporean over the age of 21 will receive "
Give Baby Bao Ngoc A Chance To Live,Baby Bao Ngoc is currently 15 months old and she was discovered to contract brain tumor when she was only 7 months old in 
Sew Much Love,"Bringing warmth & comfort into the homes of people who need it most. Amidst this COVID-19 pandemic, coming together to volunteer "
Can You Help Our Local Elderly During This COVID-19 Situation?,Watch the recording of a webinar moderated by Give.Asia https://bit.ly/srcc19webinar to discover how the Singapore Red Cross 
"Habitat build in Siem Reap, Cambodia","Help us move people forward in life. In Southeast Asia numerous families don't have access to decent, safe and affordable "
Help Save My Dad And Bring Him Home,"On 12th December 2018, when my parents were travelling from Shanghai to Japan, my dad experienced severe breathing difficulties "
Lights for Auntie Lee (Dollar Matching Campaign),"With lights in her room, she can see the vibrant colours of her creation throughout the day. Your donation is multiplied! "
Help e-scooter victim Mdm Ang,"HELP E-SCOOTER VICTIM MDM ANG HELP E-SCOOTER VICTIM MDM ANG On 17/9/2016, a 17 year old e-scooter rider crashed into Mdm "
Please help baby Soumith for his liver transplantation,"Baby Soumith needed a liver transplantation to get survived My name is Lavnya, I am here to raise funds for my 1.8 years "
Can you please donate $15 to help Premature Twins Baby Serena and Baby Stella today?,"Can you please help my twins, Baby Stella and Baby Serena, with a  $15 donation today? My name is Maria, and I’m on long "
Help Quang Minh With His Blood Cancer,"Quang Minh is an active and happy go lucky 13 year old boy student residing in Vietnam. As per any 13 year old boy, he goes "
P&G Virtual Marathon December 2020 - We run for BATAM BUILD,"Over the last two years, P&G has partnered with Habitat Singapore to build seven homes and install 12 water connections "
Please help my dad Zain fight Blast Crisis Leukemia,"My name is Zidane, I’m 13 years-old this year and I’m from Indonesia, and I need your help to save my papa who is suffering "
Help Miguel Fight Cancer!,It was the last month of the year 2019 December the month joy when we found out that our dear 7 year old boy Miguel has 
Give Destinne hope for a normal life,Destinne is a 16-year old girl from the Philippines that was diagnosed with Polyarticular Juvenile Idiopathic Arthritis 
Help Support the Road to New Life for Mdm Yap's Family - HJ0301,"Mdm Yap, a senior elderly, age 86, comes from the forgotten low income cluster of Singapore has been staying in a 3 room "
"He and his twin brother both have serious medical conditions, but he’s alone in Singapore now because there wasn’t enough money to treat them both.","Baby Tuan Anh was born in Ngh? An province in north-central Vietnam in January this year, one of two twin boys. Both babies "
Project Iridescent Ironman Triathlon,Project Iridescent is a Youths for Causes Team working to raise funds and awareness for Make-A-Wish Singapore and our newest 
Crisis Myanmar - Help the Hungry,"Help to Buy Rice and Basic Necessitates Hey there!

We are all well aware on the current situation in Myanmar. Faced with "
Join TeamBHP's cycling for Ride for Rations 2021,This year marks Ride for Rations (RfR) 11th anniversary and is challenging you once again to help put an end to hunger. 
Saving A Stage 4 Cancer Boy,"Most 5-year old boy should be feeling happy and enjoying the magical times in their carefree life, but that’s not the case "
Give baby Anh Quan a chance to regain his hearing,Baby boy Vu Anh Quan was born in 2016 in a moutainous area in Vietnam. Baby Anh Quan was born with nasal septal deviation 
Save Maria From Steven Johnson Syndrome,"Ibu Matha was so happy when she heard that her daughter, Maria, has gotten a job in Singapore as domestic helper, and they "
HELP Nepal Breathe,"While many parts of the world are seeing their COVID-19 cases decrease, Nepal’s cases are spreading faster than almost anywhere "
Give a lifeline to my boy Xintong,I am a mother of a four-year old boy and I come from China Zhejiang. My family have been in Singapore for more than a year 
Help 2 Year Old Kallea Fight Neuroblastoma,"During the end of March 2019, Kallea's body wasn’t feeling too well, and she suddenly vomited, and her body was weak and "
Project R.I.C.E+ 2020,Will you help alleviate the extent of insecurity and the worries of vulnerable families unable to afford food and daily 
ChildAid 2021 in aid of ST SPMF and BT BAF,ChildAid is an annual charity concert in aid of The Straits Times School Pocket Money Fund (ST SPMF) and The Business Times 
Sport A Cause 2018,"Did you know that there are almost 10,000 special needs students in Singapore? SMU Challenge is a student initiative that "
LEX'MAS Art Sale - #31 Legendary Catch SGD100,"LEX'MAS Art Sale - #31 Legendary Catch
Price: $100.00 ((Please enter donation amount of at least $100 to purchase this painting)
Medium "
Commemorative Photobook - CDC,Middleton Hospital was opened in mid-1913 to address the growing need for a proper facility to manage infectious diseases 
Breaking Gia Hung Dream,"Gia Hung’s dream is to become an athletic when he grows up, but unfortunately that dream could never come true now, as he’s "
Help Maudy With Her Neuroblastoma,"With 1 Kidney Remaining Maudy Against Nerve Cancer (Neuroblastoma) !! ""At only 3 years old, Maudy underwent a severe test "
Uplift Persons with Mental Health Conditions Today,"To uplift those vulnerable to mental illnesses, let’s make a difference today. We're Team DinoSoar, a YFC team working in "
#EndowusGivesBack to DADs For Life and MUMs For Life - Give the gift of hope this holiday season,"Give the gift of hope this holiday season. Fulfil a wish with Endowus, and choose your way of giving back. #EndowusGivesBack

Endowus "
Help Madam Leong With Her Medical Fees,"Madam Leong’s story was recently featured on Storm and Lian He ZaoBao, for her liver failure, and if you had missed it, "
Will you help a fellow sister-in-Christ preserve her sight today?,It's a beautiful world. But she might not see it anymore... Let's help Jam from going blind because WE CAN! John 13:35 By 
Help Rafael,"Rafael is 9 years old and he’s from Jakarta. What started as the normal flu, but mutated and parents admitted into ICU in "
Help Deliver Essentials to Migrant Workers,"The ongoing COVID-19 situation continues to have serious and far-fetching consequences on our foreign workers.


With your "
Premature twins NUHAD and NURAZ need your help,"My name is Mostaque, and together with my wife, I have been in Malaysia for the last 6 years studying for my BBA and now "
Let's support refugee children to get education,"It costs $5 to provide book & pen, would you take action to build the the live of hundreds disadvantage children? Refugee "
Fuel Joy 2019,"In 2018, the nine members of Freedom Yoga team ran the OSIM Sundown Marathon (a mixture of distances) and raised over $10,000 "
7 CONTINENTS 7 MARATHONS 7 DAYS,"Come 3 FEB 2022, I will embark on another wheelchair record breaking attempt to complete 7marathons across 7 continents "
Grateful Hearts Day 2020,"Grateful Hearts Day 2020 As part of the Grateful Hearts 2020, the Singapore Red Cross (SRC) will be organising a fundraiser "
Please help Heart patient Anik with Ruptured Aorta,Please help heart patient Anik with ruptured aorta. Anik Seyowati is my elderly parents’ helper from Indonesia. She is 38 
SUTD CDLH Beirut Explosion Relief Response 2020,"On Tuesday, August 4th a devastating explosion killed more than 170 people and injured thousands more in Beirut, Lebanon. "
Donate to feed our needy families - Ride for Rations 2020,"Each year, a group of cyclists and support crew will come together to help raise funds for these beneficiaries through a "
Help Premature Baby Aarish,"For every parents to be, they are always very excited to anticipate their new born into the world, and can’t wait to shower "
Too Precious To Be Ignored,"Nature Society (Singapore) is dedicated to the appreciation, conservation, study and enjoyment of the natural heritage in "
Deaf & Everyday Heroes Give Pause To Fight COVID-19,"Let’s take a moment to pause. Imagine ourselves in the shoes of Frontline Responders and Everyday Heroes, AKA our superheroes "
It is never an easy decision ending your own life.,"Silent distress, too late to help. But you can help their families still. Singapore, like many countries is still battling "
Make End-Of-Life Planning Easy and Affordable for Everyone,"My Story of Love & Loss Have you ever faced the loss of a loved one? Like it or not, it’s only a matter of time. For me "
Please help my mum diagnosed with HER2-positive Breast Cancer,"Hi, I am Shari, daughter of Jaya Kumari who has been diagnosed with HER2 Breast Cancer in November last year.  She had signed "
SHG Digital transformation for Elderly,These workshops help bridge the digital divide by educating seniors the use of Computers and Mobile Phones. Sessions are 
Singapore Day 2019 President’s Challenge,"Dear fellow Singaporeans, In conjunction with Singapore Day 2019 Shanghai, the Singapore Chamber of Commerce and Industry "
Mashup 25 Song,"With $25, you can have a nice meal at the cafe, check out your Shopee Cart or buy the latest sneakers. But, have you thought "
"Murugan Kothalam, gone too soon!","You don’t know love until you’ve carried a child, you don’t know pain until you’ve lost a child. October 15th 2020, was "
REACH Charity Run 2021 - Lorbert Tay,"This November to December, I am running as part of 50,000km challenge for REACH Charity Run 2021!

You can encourage me "
Phones 4 Workers,Phones 4 Workers with It’s Raining Raincoats Singapore’s migrant worker community has been hit hard by the coronavirus. 
Singapore Cancer Society - TalkMed Relay For Life 2019,"Be the reason someone smiles today. No act of kindness, no matter how small, is ever wasted. Donate to Singapore Cancer "
Help us bring home our premature baby Wave,"Help us bring our Wave home.. Dear Giver,

I am Fretzchel Civil. My husband and I have been on a roller coaster ride every "
Food Bank x GobblerCo New Year Bundle,"This festive season, we are partnering with GobblerCo, a social enterprise selling discounted groceries that was founded "
Please save Vio from Soft Tissue Tumor,"Please, help me to save my daughter. She is good girl Hi, I am Nita. I am Vio’s mother.  She is cheerful, active, so loving "
Help Premature Baby Radhav,"Please help support my Very Premature son in NICU Hello, I am Deeksha. My husband and I have been working in Singapore for "
#CollectiveAction: Beyond COVID-19 Family Assistance Fund,This campaign is in collaboration with Schroders Singapore #Collective Action Campaign and Beyond Social Services to support 
NUSSU Rag & Flag 2020,"Let's hear from some of our Social Service Agencies (SSAs)... Asian Women’s Welfare Association (AWWA) ""AWWA is into our "
#EndowusGivesBack to DADs For Life and MUMs For Life - Give the gift of hope this holiday season,"Give the gift of hope this holiday season. Fulfil a wish with Endowus, and choose your way of giving back. #EndowusGivesBack

Endowus "
Help Sun Hong Battle Cerebral Haemorrhage,"Support Sun Hong with hospitalisation expenses and repatriation cost Ms Sun Hong, aged 46, a China national, who suffered "
Typhoon Relief for Bagong Silangan/General Nakar Community,A Call for Typhoon Relief Aid As the Philippines and many other countries of Southeast Asia continue to battle typhoons 
,
,
,
,
,
,
,
,
,
,
,
,
,
,
,
,
,
,
,
,
,
,
,
,
,
Please support my extremely premature son,